Workbook
Name TaxTV: 10%
Name TaxXL: 5%
Name WE_ARE_VERY_PLEASED_TO_ADVISE_YOU_THE_MLO_S_CARGO_HAVE_BEEN_LOADED: #REF!
Name WE_ARE_VERY_PLEASED_TO_ADVISE_YOU_THE_MLO_S_CARGO_HAVE_BEEN_LOADED: #REF!
Name WE_ARE_VERY_PLEASED_TO_ADVISE_YOU_THE_MLO_S_CARGO_HAVE_BEEN_LOADED: #REF!
Name WE_ARE_VERY_PLEASED_TO_ADVISE_YOU_THE_MLO_S_CARGO_HAVE_BEEN_LOADED: #REF!
Name WE_ARE_VERY_PLEASED_TO_ADVISE_YOU_THE_MLO_S_CARGO_HAVE_BEEN_LOADED: #REF!

Sheet 00000000

Sheet SINGAPORE
A1: FINAL LIST OF LOADING CONTAINERS
A2: VESSEL: | C2: =TOTAL!E2 -> 0 | H2: PORT OF LOADING : HAI PHONG
A3: VOY: | B3: =+TOTAL!D3 -> 037S | D3: ATA: | E3: =+TOTAL!H3:I3 -> #VALUE! | H3: PORT OF DISCHARGING : SINGAPORE
A4: FLAG: | B4: =TOTAL!D4:E4 -> #VALUE! | D4: ATD: | E4: =+TOTAL!H4:I4 -> #VALUE! | H4: SHIPPING AGENT : HAIAN AGENCY & LOGISTICS COMPANY LIMITED
A6: HAI AN AGENCY & LOGISTICS CO.,LTD | J6: SINGAPORE
A7: 2nd FLOOR HA BUILDING - KM2 DINH VU ROAD - HA DIST - HAI PHONG
A8: TEL : +84-31-3260446 FAX : +84-31-3260577
A10: SQ | B10: OPR | C10: LINE | D10: CONTNo. | E10: SEALNo. | F10: CELL | G10: F | H10: SIZE | I10: VGM (KGM) | J10: DESCRIPTION OFGOODS | K10: CY | L10: REMARKS | M10: Booking No | N10: Shipper | O10: CONNECTING VESSEL | P10: POD | Q10: SALES/ MKT
A11: 1 | R11: =[2]!checkcont(D11) -> #NAME? | S11: =G11&H11
A12: 2 | R12: =[2]!checkcont(D12) -> #NAME? | S12: =G12&H12
A13: 3 | R13: =[2]!checkcont(D13) -> #NAME? | S13: =G13&H13
A14: 4 | R14: =[2]!checkcont(D14) -> #NAME? | S14: =G14&H14
A15: 5 | R15: =[2]!checkcont(D15) -> #NAME? | S15: =G15&H15
A16: 6 | R16: =[2]!checkcont(D16) -> #NAME? | S16: =G16&H16
A17: 7 | R17: =[2]!checkcont(D17) -> #NAME? | S17: =G17&H17
A18: 8 | R18: =[2]!checkcont(D18) -> #NAME? | S18: =G18&H18
A19: 9 | R19: =[2]!checkcont(D19) -> #NAME? | S19: =G19&H19
A20: 10 | R20: =[2]!checkcont(D20) -> #NAME? | S20: =G20&H20
A21: 11 | R21: =[2]!checkcont(D21) -> #NAME? | S21: =G21&H21
A22: 12 | R22: =[2]!checkcont(D22) -> #NAME? | S22: =G22&H22
... A510: 500 | R510: =[2]!checkcont(D510) -> #NAME? | S510: =G510&H510

Sheet CAT LAI
A1: FINAL LIST OF LOADING CONTAINERS
A2: VESSEL: | C2: =TOTAL!E2 -> 0 | H2: PORT OF LOADING : HAI PHONG
A3: VOY: | B3: =+TOTAL!D3 -> 037S | D3: ATA: | E3: =+TOTAL!H3:I3 -> #VALUE! | H3: PORT OF DISCHARGING : CAT LAI
A4: FLAG: | B4: =TOTAL!D4:E4 -> #VALUE! | D4: ATD: | E4: =+TOTAL!H4:I4 -> #VALUE! | H4: SHIPPING AGENT : HAIAN AGENCY & LOGISTICS COMPANY LIMITED
A6: HAI AN AGENCY & LOGISTICS CO.,LTD | J6: CAT LAI
A7: 2nd FLOOR HA BUILDING - KM2 DINH VU ROAD - HA DIST - HAI PHONG
A8: TEL : +84-31-3260446 FAX : +84-31-3260577
A10: SQ | B10: OPR | C10: LINE | D10: CONTNo. | E10: SEALNo. | F10: CELL | G10: F | H10: SIZE | I10: VGM (KGM) | J10: DESCRIPTION OFGOODS | K10: CY | L10: REMARKS | M10: Booking No | N10: Shipper | O10: CONNECTING VESSEL | P10: POD | Q10: SALES/ MKT
A11: 1 | R11: =[2]!checkcont(D11) -> #NAME? | S11: =G11&H11
A12: 2 | R12: =[2]!checkcont(D12) -> #NAME? | S12: =G12&H12
A13: 3 | R13: =[2]!checkcont(D13) -> #NAME? | S13: =G13&H13
A14: 4 | R14: =[2]!checkcont(D14) -> #NAME? | S14: =G14&H14
A15: 5 | R15: =[2]!checkcont(D15) -> #NAME? | S15: =G15&H15
A16: 6 | R16: =[2]!checkcont(D16) -> #NAME? | S16: =G16&H16
A17: 7 | R17: =[2]!checkcont(D17) -> #NAME? | S17: =G17&H17
A18: 8 | R18: =[2]!checkcont(D18) -> #NAME? | S18: =G18&H18
A19: 9 | R19: =[2]!checkcont(D19) -> #NAME? | S19: =G19&H19
A20: 10 | R20: =[2]!checkcont(D20) -> #NAME? | S20: =G20&H20
A21: 11 | R21: =[2]!checkcont(D21) -> #NAME? | S21: =G21&H21
A22: 12 | R22: =[2]!checkcont(D22) -> #NAME? | S22: =G22&H22
... A510: 500 | R510: =[2]!checkcont(D510) -> #NAME? | S510: =G510&H510

Sheet TOTAL
A1: FINAL LIST OF LOADING CONTAINERS
A2: VESSEL: | D2: HAIAN DELL | H2: HAIAN DELL | I2: 037S | J2: PORT OF LOADING : HAI PHONG
A3: VOY: | D3: 037S | F3: ATA: | G3: 46129 | J3: PORT OF DISCHARGING : SINGAPORE
A4: FLAG: | D4: =IF(E2="PACIFIC GRACE","PANAMA","VIET NAM") -> VIET NAM | F4: ATD: | G4: 46130 | J4: SHIPPING AGENT : HAIAN AGENCY & LOGISTICS COMPANY LIMITED
A6: HAI AN AGENCY & LOGISTICS CO.,LTD | M6: TOTAL
A7: 2nd FLOOR HA BUILDING - KM2 DINH VU ROAD - HA DIST - HAI PHONG
A8: TEL : +84-31-3260446 FAX : +84-31-3260577 | I8: =SUBTOTAL(3,$I$11:$I$1048576) -> 28 | K8: =SUM(K11:K872) -> 13072.978 | O8: =SUBTOTAL(3,$O$11:$O$1048576) -> 28
A10: SQ | B10: POD | C10: POL | D10: OPR | E10: LINE | F10: CONTNo. | G10: SEAL | H10: CELL | I10: F | J10: SIZE | K10: VGM (KGM) | L10: DESCRIPTION OFGOODS | M10: CY | N10: REMARKS | P10: Booking No | Q10: Shipper | R10: SALES/ MKT
A11: 1 | B11: SGSIN | C11: VNHPH | D11: HACT | E11: ONE | F11: DRYU6018669 | G11: VN58476AQ | H11: 06-02-86 | I11: F | J11: 40HC | K11: 15.6643 | L11: PRINTER OR TYPEWRITER CARTRIDGES & RIBBONS | M11: SAO A | P11: HANG16054600 | Q11: ONE | S11: {=[3]!checkcont(F11)} -> #NAME? | T11: =I11&J11 -> F40HC
A12: 2 | B12: SGSIN | C12: VNHPH | D12: HACT | E12: ONE | F12: TRHU4799213 | G12: VN69471AP | H12: 06-01-86 | I12: F | J12: 40HC | K12: 10.71122 | L12: GDSM (GENERAL DEPARTMENT STORE MERCHANDISE) | M12: NHDV | P12: HANG20479500 | Q12: ONE | S12: {=[3]!checkcont(F12)} -> #NAME? | T12: =I12&J12 -> F40HC
A13: 3 | B13: SGSIN | C13: VNHPH | D13: HACT | E13: ONE | F13: FTAU1297613 | G13: VN46959AQ | H13: 17-00-06 | I13: F | J13: 20DC | K13: 25.66 | L13: IRON OR STEEL SCREW,BOLT,NUT,RIVET, OTHER SCREWS AND BOLTS, WHETHER OR NOT WITH THEIR NUTS OR WASHERS | M13: HHH | P13: HANG21869900 | Q13: ONE | S13: {=[3]!checkcont(F13)} -> #NAME? | T13: =I13&J13 -> F20DC
A14: 4 | B14: SGSIN | C14: VNHPH | D14: HACT | E14: ONE | F14: ONEU2623855 | G14: VN46958AQ | H14: 19-06-08 | I14: F | J14: 20DC | K14: 25.66699 | L14: IRON OR STEEL SCREW,BOLT,NUT,RIVET, OTHER SCREWS AND BOLTS, WHETHER OR NOT WITH THEIR NUTS OR WASHERS | M14: HHH | P14: HANG21869900 | Q14: ONE | S14: {=[3]!checkcont(F14)} -> #NAME? | T14: =I14&J14 -> F20DC
A15: 5 | B15: SGSIN | C15: VNHPH | D15: HACT | E15: ONE | F15: KKFU8024007 | G15: vn39269aq | H15: 06-00-86 | I15: F | J15: 40HC | K15: 9.63 | L15: UNIFORMS, APRONS & OTHER GARMENTS, N.O.S., OF MANMADE FIBERS, KNITTED OR CROCHETED | M15: NHDV | P15: HANG23134300 | Q15: ONE | S15: {=[3]!checkcont(F15)} -> #NAME? | T15: =I15&J15 -> F40HC
A16: 6 | B16: SGSIN | C16: VNHPH | D16: HACT | E16: ONE | F16: GAOU6571498 | G16: VN52465AQ | H16: 26-02-06 | I16: F | J16: 40HC | K16: 21.39048 | L16: BAGS & SACKS, OF POLYETHYLENE | M16: HHH | P16: HANG23214900 | Q16: ONE | S16: {=[3]!checkcont(F16)} -> #NAME? | T16: =I16&J16 -> F40HC
A17: 7 | B17: SGSIN | C17: VNHPH | D17: HACT | E17: ONE | F17: KKFU8081584 | G17: VN03637AQ | H17: 26-05-06 | I17: F | J17: 40HC | K17: 28.95758 | L17: BAGS & SACKS, OF POLYETHYLENE | M17: HHH | P17: HANG23214900 | Q17: ONE | S17: {=[3]!checkcont(F17)} -> #NAME? | T17: =I17&J17 -> F40HC
A18: 8 | B18: SGSIN | C18: VNHPH | D18: HACT | E18: ONE | F18: ONEU0038086 | G18: VN52498AQ | H18: 18-05-10 | I18: F | J18: 40HC | K18: 28.93575 | L18: BAGS & SACKS, OF POLYETHYLENE | M18: HHH | P18: HANG23214900 | Q18: ONE | S18: {=[3]!checkcont(F18)} -> #NAME? | T18: =I18&J18 -> F40HC
A19: 9 | B19: SGSIN | C19: VNHPH | D19: HACT | E19: ONE | F19: TCLU7908019 | G19: VN03573AQ | H19: 26-07-08 | I19: F | J19: 40HC | K19: 28.92652 | L19: BAGS & SACKS, OF POLYETHYLENE | M19: HHH | P19: HANG23214900 | Q19: ONE | S19: {=[3]!checkcont(F19)} -> #NAME? | T19: =I19&J19 -> F40HC
A20: 10 | B20: SGSIN | C20: VNHPH | D20: HACT | E20: ONE | F20: BMOU1505128 | G20: VN25747AQ | H20: 17-07-08 | I20: F | J20: 20DC | K20: 22.25 | L20: MOLYBDENUM OXIDES & HYDROXIDES (NON-FERROUS) | M20: HHH | P20: HANG24094900 | Q20: ONE | S20: {=[3]!checkcont(F20)} -> #NAME? | T20: =I20&J20 -> F20DC
A21: 11 | B21: SGSIN | C21: VNHPH | D21: HACT | E21: ONE | F21: ONEU1378856 | G21: VN12801AQ | H21: 18-02-84 | I21: F | J21: 40HC | K21: 12.77303 | L21: CONSOLIDATED CARGO | M21: NHDV | N21: Lithium (Ion/Metal) & Sodium Ion Batteries - On Deck away from Heat | P21: HANG25567800 | Q21: ONE | S21: {=[3]!checkcont(F21)} -> #NAME? | T21: =I21&J21 -> F40HC
A22: 12 | B22: SGSIN | C22: VNHPH | D22: HACT | E22: ONE | F22: TGBU3189110 | G22: VN25542AQ | H22: 27-01-10 | I22: F | J22: 20DC | K22: 4.6824 | L22: PARTS FOR ENGINES & MOTORS | M22: SAO A | P22: HANG25918800 | Q22: ONE | S22: {=[3]!checkcont(F22)} -> #NAME? | T22: =I22&J22 -> F20DC
A23: 13 | B23: SGSIN | C23: VNHPH | D23: HACT | E23: ONE | F23: TLLU6119210 | G23: VN27302AQ | H23: 32-00-88 | I23: F | J23: 40DC | K23: 6.33928 | L23: ATHLETIC FOOTWEAR & SPORTS FOOTWEAR, OF TEXTILE MATERIALS | M23: NHDV | P23: HANG25993400 | Q23: ONE | S23: {=[3]!checkcont(F23)} -> #NAME? | T23: =I23&J23 -> F40DC
A24: 14 | B24: SGSIN | C24: VNHPH | D24: HACT | E24: ONE | F24: ONEU1052936 | G24: VN46767AQ | H24: 06-08-86 | I24: F | J24: 40HC | K24: 10.20531 | L24: COATS, CAPES & CLOAKS FOR MEN & BOYS, OF COTTON, KNITTED OR CROCHETED | M24: SAO A | P24: HANG27388400 | Q24: ONE | S24: {=[3]!checkcont(F24)} -> #NAME? | T24: =I24&J24 -> F40HC
A25: 15 | B25: SGSIN | C25: VNHPH | D25: HACT | E25: ONE | F25: TCKU7216918 | G25: VN46890AQ | H25: 06-06-88 | I25: F | J25: 40HC | K25: 11.058 | L25: LOCKS FOR MOTOR VEHICLES | M25: SAO A | P25: HANG27903400 | Q25: ONE | S25: {=[3]!checkcont(F25)} -> #NAME? | T25: =I25&J25 -> F40HC
A26: 16 | B26: SGSIN | C26: VNHPH | D26: HACT | E26: ONE | F26: NYKU8482839 | G26: VN76451AP | H26: 06-08-88 | I26: F | J26: 40DC | K26: 8.54166 | L26: FAK OR CARGO, NOS | M26: NHDV | P26: HANG28081900 | Q26: ONE | S26: {=[3]!checkcont(F26)} -> #NAME? | T26: =I26&J26 -> F40DC
A27: 17 | B27: SGSIN | C27: VNHPH | D27: HACT | E27: ONE | F27: TRHU6083892 | G27: 46885AQ | H27: 18-02-86 | I27: F | J27: 40HC | K27: 10.03 | L27: SPEAKER,MICRO/HEADPHONE,AMPLIFIER, OTHER | M27: SITC | N27: Lithium (Ion/Metal) & Sodium Ion Batteries - On Deck away from Heat | P27: HANG28420600 | Q27: ONE | S27: {=[3]!checkcont(F27)} -> #NAME? | T27: =I27&J27 -> F40HC
A28: 18 | B28: SGSIN | C28: VNHPH | D28: HACT | E28: ONE | F28: TEMU7306744 | G28: 50147AQ | H28: 18-09-86 | I28: F | J28: 40HC | K28: 10.078 | L28: MOTORCYCLES | M28: SITC | P28: HANG28461400 | Q28: ONE | S28: {=[3]!checkcont(F28)} -> #NAME? | T28: =I28&J28 -> F40HC
A29: 19 | B29: SGSIN | C29: VNHPH | D29: HACT | E29: ONE | F29: TLLU4818476 | G29: 50143AQ | H29: 18-10-88 | I29: F | J29: 40HC | K29: 9.888 | L29: MOTORCYCLES | M29: SITC | P29: HANG28461400 | Q29: ONE | S29: {=[3]!checkcont(F29)} -> #NAME? | T29: =I29&J29 -> F40HC
A30: 20 | B30: SGSIN | C30: VNHPH | D30: HACT | E30: ONE | F30: TRHU4597110 | G30: 50138A | H30: 06-05-88 | I30: F | J30: 40HC | K30: 9.888 | L30: MOTORCYCLES | M30: SITC | P30: HANG28461400 | Q30: ONE | S30: {=[3]!checkcont(F30)} -> #NAME? | T30: =I30&J30 -> F40HC
A31: 21 | B31: SGSIN | C31: VNHPH | D31: HACT | E31: ONE | F31: TCNU6122526 | G31: 50104A | H31: 06-03-86 | I31: F | J31: 40HC | K31: 9.998 | L31: MOTORCYCLES | M31: SITC | P31: HANG28464700 | Q31: ONE | S31: {=[3]!checkcont(F31)} -> #NAME? | T31: =I31&J31 -> F40HC
A32: 22 | B32: SGSIN | C32: VNHPH | D32: HACT | E32: ONE | F32: TGCU0011010 | G32: 50131A | H32: 18-10-86 | I32: F | J32: 40HC | K32: 9.958 | L32: MOTORCYCLES | M32: SITC | P32: HANG28464700 | Q32: ONE | S32: {=[3]!checkcont(F32)} -> #NAME? | T32: =I32&J32 -> F40HC
A33: 23 | B33: SGSIN | C33: VNHPH | D33: HACT | E33: ONE | F33: NYKU5152448 | G33: 85447AP | H33: 18-05-84 | I33: F | J33: 40HC | K33: 12.134 | L33: SPEAKER,MICRO/HEADPHONE,AMPLIFIER, OTHER | M33: SITC | P33: HANG28516500 | Q33: ONE | S33: {=[3]!checkcont(F33)} -> #NAME? | T33: =I33&J33 -> F40HC
A34: 24 | B34: SGSIN | C34: VNHPH | D34: HACT | E34: ONE | F34: MOFU0640950 | G34: VN56405AP | H34: 18-01-10 | I34: F | J34: 40DC | K34: 24.62 | L34: PARTS FOR WASHING & LAUNDRY MACHINES | M34: NHDV | P34: HANG28754900 | Q34: ONE | S34: {=[3]!checkcont(F34)} -> #NAME? | T34: =I34&J34 -> F40DC
A35: 25 | B35: SGSIN | C35: VNHPH | D35: HACT | E35: ONE | F35: CAAU9241902 | G35: VN52350AQ | H35: 26-06-86 | I35: F | J35: 40HC | K35: 9.848 | L35: MOTORCYCLES | M35: HHH | P35: HANG28861800 | Q35: ONE | S35: {=[3]!checkcont(F35)} -> #NAME? | T35: =I35&J35 -> F40HC
A36: 26 | B36: SGSIN | C36: VNHPH | D36: HACT | E36: ONE | F36: GAOU6566110 | G36: VN65296AP | H36: 26-03-84 | I36: F | J36: 40HC | K36: 9.878 | L36: MOTORCYCLES | M36: HHH | P36: HANG28861800 | Q36: ONE | S36: {=[3]!checkcont(F36)} -> #NAME? | T36: =I36&J36 -> F40HC
A37: 27 | B37: SGSIN | C37: VNHPH | D37: HACT | E37: ONE | F37: NYKU4754498 | G37: VN65344AP | H37: 18-10-84 | I37: F | J37: 40HC | K37: 9.978 | L37: MOTORCYCLES | M37: HHH | P37: HANG28861800 | Q37: ONE | S37: {=[3]!checkcont(F37)} -> #NAME? | T37: =I37&J37 -> F40HC
A38: 28 | B38: SGSIN | C38: VNHPH | D38: HACT | E38: ONE | F38: TGBU9687552 | G38: VN52478AQ | H38: 26-02-82 | I38: F | J38: 40HC | K38: 9.848 | L38: MOTORCYCLES | M38: HHH | P38: HANG28861800 | Q38: ONE | S38: {=[3]!checkcont(F38)} -> #NAME? | T38: =I38&J38 -> F40HC
A39: 29 | B39: SGSIN | C39: VNHPH | D39: HACT | E39: ONE | F39: TCLU3343001 | G39: vn39270aq | H39: 17-00-86 | I39: F | J39: 20DC | K39: 3.98 | L39: STATIC CONVERTERS | M39: NHDV | P39: HANG28909400 | Q39: ONE | S39: {=[3]!checkcont(F39)} -> #NAME? | T39: =I39&J39 -> F20DC
... A50: 40 | B50: SGSIN | C50: VNHPH | D50: HACT | E50: ONE | F50: TEMU8819850 | G50: 09595A | H50: 26-06-82 | I50: F | J50: 40HC | K50: 11.84264 | L50: PARTS FOR MOTORCYCLES OR MOPEDS | M50: SITC | P50: HANG30358900 | Q50: ONE | S50: {=[3]!checkcont(F50)} -> #NAME? | T50: =I50&J50 -> F40HC
A51: 41 | B51: SGSIN | C51: VNHPH | D51: HACT | E51: ONE | F51: ONEU6401687 | G51: VN53756AP | H51: 18-04-86 | I51: F | J51: 40HC | K51: 9.82 | L51: SPEAKER,MICRO/HEADPHONE,AMPLIFIER, OTHER | M51: HHH | N51: Lithium (Ion/Metal) & Sodium Ion Batteries - On Deck away from Heat | P51: HANG30578600 | Q51: ONE | S51: {=[3]!checkcont(F51)} -> #NAME? | T51: =I51&J51 -> F40HC
A52: 42 | B52: SGSIN | C52: VNHPH | D52: HACT | E52: ONE | F52: TRHU6978964 | G52: VN52269AQ | H52: 26-08-06 | I52: F | J52: 40HC | K52: 26 | L52: WHEELS & RIMS, MOTOR VEHICLE OR TRACTOR | M52: SAO A | P52: HANG30756401 | Q52: ONE | S52: {=[3]!checkcont(F52)} -> #NAME? | T52: =I52&J52 -> F40HC
A53: 43 | B53: SGSIN | C53: VNHPH | D53: HACT | E53: ONE | F53: ONEU0530096 | G53: VN20547AQ | H53: 26-07-84 | I53: F | J53: 40HC | K53: 10.66379 | L53: FOOTWEAR OF PLASTIC OR RUBBER, NOS | M53: HHH | P53: HANG31277300 | Q53: ONE | S53: {=[3]!checkcont(F53)} -> #NAME? | T53: =I53&J53 -> F40HC
A54: 44 | B54: SGSIN | C54: VNHPH | D54: HACT | E54: ONE | F54: ONEU0796872 | G54: VN20545AQ | H54: 26-05-84 | I54: F | J54: 40HC | K54: 8.87521 | L54: FOOTWEAR OF PLASTIC OR RUBBER, NOS | M54: HHH | P54: HANG31277300 | Q54: ONE | S54: {=[3]!checkcont(F54)} -> #NAME? | T54: =I54&J54 -> F40HC
A55: 45 | B55: SGSIN | C55: VNHPH | D55: HACT | E55: ONE | F55: ONEU1314384 | G55: VN20543AQ | H55: 26-02-84 | I55: F | J55: 40HC | K55: 9.4533 | L55: FOOTWEAR OF PLASTIC OR RUBBER, NOS | M55: HHH | P55: HANG31277300 | Q55: ONE | S55: {=[3]!checkcont(F55)} -> #NAME? | T55: =I55&J55 -> F40HC
A56: 46 | B56: SGSIN | C56: VNHPH | D56: HACT | E56: ONE | F56: ONEU1422959 | G56: VN20529AQ | H56: 26-10-82 | I56: F | J56: 40HC | K56: 11.09452 | L56: FOOTWEAR OF PLASTIC OR RUBBER, NOS | M56: HHH | P56: HANG31283700 | Q56: ONE | S56: {=[3]!checkcont(F56)} -> #NAME? | T56: =I56&J56 -> F40HC
A57: 47 | B57: SGSIN | C57: VNHPH | D57: HACT | E57: ONE | F57: ONEU5564360 | G57: VN20516AQ | H57: 26-10-84 | I57: F | J57: 40HC | K57: 9.95899 | L57: FOOTWEAR OF PLASTIC OR RUBBER, NOS | M57: HHH | P57: HANG31283700 | Q57: ONE | S57: {=[3]!checkcont(F57)} -> #NAME? | T57: =I57&J57 -> F40HC
A58: 48 | B58: SGSIN | C58: VNHPH | D58: HACT | E58: ONE | F58: ONEU5867351 | G58: VN20520AQ | H58: 26-06-84 | I58: F | J58: 40HC | K58: 9.38029 | L58: FOOTWEAR OF PLASTIC OR RUBBER, NOS | M58: HHH | P58: HANG31283700 | Q58: ONE | S58: {=[3]!checkcont(F58)} -> #NAME? | T58: =I58&J58 -> F40HC
A59: 49 | B59: SGSIN | C59: VNHPH | D59: HACT | E59: ONE | F59: ONEU6860454 | G59: VN20515AQ | H59: 26-03-82 | I59: F | J59: 40HC | K59: 11.0607 | L59: FOOTWEAR OF PLASTIC OR RUBBER, NOS | M59: HHH | P59: HANG31283700 | Q59: ONE | S59: {=[3]!checkcont(F59)} -> #NAME? | T59: =I59&J59 -> F40HC
A60: 50 | B60: SGSIN | C60: VNHPH | D60: HACT | E60: ONE | F60: FFAU6628851 | G60: VN20511AQ | H60: 18-06-88 | I60: F | J60: 40HC | K60: 10.95504 | L60: FOOTWEAR OF PLASTIC OR RUBBER, NOS | M60: HHH | P60: HANG31285900 | Q60: ONE | S60: {=[3]!checkcont(F60)} -> #NAME? | T60: =I60&J60 -> F40HC
A61: 51 | B61: SGSIN | C61: VNHPH | D61: HACT | E61: ONE | F61: NYKU5139467 | G61: VN25588AQ | H61: 26-04-84 | I61: F | J61: 40HC | K61: 9.4766 | L61: FOOTWEAR OF PLASTIC OR RUBBER, NOS | M61: HHH | P61: HANG31285900 | Q61: ONE | S61: {=[3]!checkcont(F61)} -> #NAME? | T61: =I61&J61 -> F40HC
A62: 52 | B62: SGSIN | C62: VNHPH | D62: HACT | E62: ONE | F62: ONEU0997970 | G62: VN20512AQ | H62: 26-06-08 | I62: F | J62: 40HC | K62: 11.48406 | L62: FOOTWEAR OF PLASTIC OR RUBBER, NOS | M62: HHH | P62: HANG31285900 | Q62: ONE | S62: {=[3]!checkcont(F62)} -> #NAME? | T62: =I62&J62 -> F40HC
A63: 53 | B63: SGSIN | C63: VNHPH | D63: HACT | E63: ONE | F63: TRHU7836389 | G63: VN20513AQ | H63: 26-05-82 | I63: F | J63: 40HC | K63: 11.05278 | L63: FOOTWEAR OF PLASTIC OR RUBBER, NOS | M63: HHH | P63: HANG31285900 | Q63: ONE | S63: {=[3]!checkcont(F63)} -> #NAME? | T63: =I63&J63 -> F40HC
... A66: 56 | B66: SGSIN | C66: VNHPH | D66: HACT | E66: ONE | F66: TRHU6865660 | G66: VN20527AQ | H66: 26-08-84 | I66: F | J66: 40HC | K66: 9.7217 | L66: FOOTWEAR OF PLASTIC OR RUBBER, NOS | M66: HHH | P66: HANG31290500 | Q66: ONE | S66: {=[3]!checkcont(F66)} -> #NAME? | T66: =I66&J66 -> F40HC
A67: 57 | B67: SGSIN | C67: VNHPH | D67: HACT | E67: ONE | F67: TEMU8907502 | G67: VN12802AQ | H67: 18-04-84 | I67: F | J67: 40HC | K67: 11.71361 | L67: CONSOLIDATED CARGO | M67: NHDV | N67: Lithium (Ion/Metal) & Sodium Ion Batteries - On Deck away from Heat | P67: HANG31378500 | Q67: ONE | S67: {=[3]!checkcont(F67)} -> #NAME? | T67: =I67&J67 -> F40HC
A68: 58 | B68: SGSIN | C68: VNHPH | D68: HACT | E68: ONE | F68: FTAU1334722 | G68: VN32479AQ | H68: 27-00-84 | I68: F | J68: 20DC | K68: 5.84856 | L68: AUX MACHINE FOR TEXTILE PROD MACHINE, SPINDLES, SPINDLE FLYERS, SPINNING RINGS AND RING TRAVELLERS | M68: NHDV | P68: HANG31384900 | Q68: ONE | S68: {=[3]!checkcont(F68)} -> #NAME? | T68: =I68&J68 -> F20DC
A69: 59 | B69: SGSIN | C69: VNHPH | D69: HACT | E69: ONE | F69: ONEU0975040 | G69: VN20550AQ | H69: 06-04-88 | I69: F | J69: 40HC | K69: 10.304 | L69: PRINTERS, MONITORS, KEYBOARDS & PERIPHERALS | M69: HHH | P69: HANG31484300 | Q69: ONE | S69: {=[3]!checkcont(F69)} -> #NAME? | T69: =I69&J69 -> F40HC
A70: 60 | B70: SGSIN | C70: VNHPH | D70: HACT | E70: ONE | F70: TLLU5470087 | G70: VN27999AQ | H70: 26-04-08 | I70: F | J70: 40HC | K70: 10.773 | L70: PRINTERS, MONITORS, KEYBOARDS & PERIPHERALS | M70: HHH | P70: HANG31484300 | Q70: ONE | S70: {=[3]!checkcont(F70)} -> #NAME? | T70: =I70&J70 -> F40HC
A71: 61 | B71: SGSIN | C71: VNHPH | D71: HACT | E71: ONE | F71: ONEU0836050 | G71: vn39259aq | H71: 26-07-86 | I71: F | J71: 40HC | K71: 14.1 | L71: CONSOLIDATED CARGO | M71: NHDV | N71: Away from living quarters | P71: HANG31485400 | Q71: ONE | S71: {=[3]!checkcont(F71)} -> #NAME? | T71: =I71&J71 -> F40HC
A72: 62 | B72: SGSIN | C72: VNHPH | D72: HACT | E72: ONE | F72: TEMU5289503 | G72: vn39248aq | H72: 27-01-86 | I72: F | J72: 20DC | K72: 7.3 | L72: CONSOLIDATED CARGO | M72: NHDV | N72: Away from living quarters | P72: HANG31485402 | Q72: ONE | S72: {=[3]!checkcont(F72)} -> #NAME? | T72: =I72&J72 -> F20DC
A73: 63 | B73: SGSIN | C73: VNHPH | D73: HACT | E73: ONE | F73: BEAU2150877 | G73: VN10695AQ | H73: 19-04-08 | I73: F | J73: 20DC | K73: 29.318 | L73: CALCIUM CARBONATE | M73: HHH | P73: HANG31541400 | Q73: ONE | S73: {=[3]!checkcont(F73)} -> #NAME? | T73: =I73&J73 -> F20DC
A74: 64 | B74: SGSIN | C74: VNHPH | D74: HACT | E74: ONE | F74: NYKU9703169 | G74: VN10698AQ | H74: 19-00-06 | I74: F | J74: 20DC | K74: 30.302 | L74: CALCIUM CARBONATE | M74: HHH | P74: HANG31541400 | Q74: ONE | S74: {=[3]!checkcont(F74)} -> #NAME? | T74: =I74&J74 -> F20DC
A75: 65 | B75: SGSIN | C75: VNHPH | D75: HACT | E75: ONE | F75: TCLU3272422 | G75: VN10692AQ | H75: 19-03-06 | I75: F | J75: 20DC | K75: 30.312 | L75: CALCIUM CARBONATE | M75: HHH | P75: HANG31541400 | Q75: ONE | S75: {=[3]!checkcont(F75)} -> #NAME? | T75: =I75&J75 -> F20DC
A76: 66 | B76: SGSIN | C76: VNHPH | D76: HACT | E76: ONE | F76: TEMU0619270 | G76: VN10647AQ | H76: 17-06-06 | I76: F | J76: 20DC | K76: 29.288 | L76: CALCIUM CARBONATE | M76: HHH | P76: HANG31541400 | Q76: ONE | S76: {=[3]!checkcont(F76)} -> #NAME? | T76: =I76&J76 -> F20DC
A77: 67 | B77: SGSIN | C77: VNHPH | D77: HACT | E77: ONE | F77: TRHU1747319 | G77: VN12012AQ | H77: 17-00-02 | I77: F | J77: 20DC | K77: 30.292 | L77: CALCIUM CARBONATE | M77: HHH | P77: HANG31541400 | Q77: ONE | S77: {=[3]!checkcont(F77)} -> #NAME? | T77: =I77&J77 -> F20DC
A78: 68 | B78: SGSIN | C78: VNHPH | D78: HACT | E78: ONE | F78: CAAU2478636 | G78: VN32186AQ | H78: 17-00-04 | I78: F | J78: 20DC | K78: 30.212 | L78: PREPARED BINDERS FOR FOUNDRY MOULDS OR CORES; CHEMICAL PROD AND PREPARATIONS OF THE CHEMICAL OR ALLIED INDUSTRIES (INCLUDING CONSISTING OF MIXTURES OF NATURAL PROD) NOT ELSEWHERE SPECIFIED OR INCLUDED | M78: HHH | P78: HANG31830500 | Q78: ONE | S78: {=[3]!checkcont(F78)} -> #NAME? | T78: =I78&J78 -> F20DC
A79: 69 | B79: SGSIN | C79: VNHPH | D79: HACT | E79: ONE | F79: DRYU2555192 | G79: VN32184AQ | H79: 17-03-06 | I79: F | J79: 20DC | K79: 30.312 | L79: PREPARED BINDERS FOR FOUNDRY MOULDS OR CORES; CHEMICAL PROD AND PREPARATIONS OF THE CHEMICAL OR ALLIED INDUSTRIES (INCLUDING CONSISTING OF MIXTURES OF NATURAL PROD) NOT ELSEWHERE SPECIFIED OR INCLUDED | M79: HHH | P79: HANG31830500 | Q79: ONE | S79: {=[3]!checkcont(F79)} -> #NAME? | T79: =I79&J79 -> F20DC
A80: 70 | B80: SGSIN | C80: VNHPH | D80: HACT | E80: ONE | F80: ONEU2467238 | G80: VN32187AQ | H80: 17-04-04 | I80: F | J80: 20DC | K80: 30.262 | L80: PREPARED BINDERS FOR FOUNDRY MOULDS OR CORES; CHEMICAL PROD AND PREPARATIONS OF THE CHEMICAL OR ALLIED INDUSTRIES (INCLUDING CONSISTING OF MIXTURES OF NATURAL PROD) NOT ELSEWHERE SPECIFIED OR INCLUDED | M80: HHH | P80: HANG31830500 | Q80: ONE | S80: {=[3]!checkcont(F80)} -> #NAME? | T80: =I80&J80 -> F20DC
A81: 71 | B81: SGSIN | C81: VNHPH | D81: HACT | E81: ONE | F81: ONEU2685440 | G81: VN32188AQ | H81: 19-05-06 | I81: F | J81: 20DC | K81: 30.312 | L81: PREPARED BINDERS FOR FOUNDRY MOULDS OR CORES; CHEMICAL PROD AND PREPARATIONS OF THE CHEMICAL OR ALLIED INDUSTRIES (INCLUDING CONSISTING OF MIXTURES OF NATURAL PROD) NOT ELSEWHERE SPECIFIED OR INCLUDED | M81: HHH | P81: HANG31830500 | Q81: ONE | S81: {=[3]!checkcont(F81)} -> #NAME? | T81: =I81&J81 -> F20DC
A82: 72 | B82: SGSIN | C82: VNHPH | D82: HACT | E82: ONE | F82: ONEU3057053 | G82: VN32190AQ | H82: 17-08-04 | I82: F | J82: 20DC | K82: 30.262 | L82: PREPARED BINDERS FOR FOUNDRY MOULDS OR CORES; CHEMICAL PROD AND PREPARATIONS OF THE CHEMICAL OR ALLIED INDUSTRIES (INCLUDING CONSISTING OF MIXTURES OF NATURAL PROD) NOT ELSEWHERE SPECIFIED OR INCLUDED | M82: HHH | P82: HANG31830500 | Q82: ONE | S82: {=[3]!checkcont(F82)} -> #NAME? | T82: =I82&J82 -> F20DC
A83: 73 | B83: SGSIN | C83: VNHPH | D83: HACT | E83: ONE | F83: ONEU3068422 | G83: VN32185AQ | H83: 17-03-02 | I83: F | J83: 20DC | K83: 30.262 | L83: PREPARED BINDERS FOR FOUNDRY MOULDS OR CORES; CHEMICAL PROD AND PREPARATIONS OF THE CHEMICAL OR ALLIED INDUSTRIES (INCLUDING CONSISTING OF MIXTURES OF NATURAL PROD) NOT ELSEWHERE SPECIFIED OR INCLUDED | M83: HHH | P83: HANG31830500 | Q83: ONE | S83: {=[3]!checkcont(F83)} -> #NAME? | T83: =I83&J83 -> F20DC
A84: 74 | B84: SGSIN | C84: VNHPH | D84: HACT | E84: ONE | F84: TCLU3501745 | G84: VN32183AQ | H84: 17-07-04 | I84: F | J84: 20DC | K84: 30.312 | L84: PREPARED BINDERS FOR FOUNDRY MOULDS OR CORES; CHEMICAL PROD AND PREPARATIONS OF THE CHEMICAL OR ALLIED INDUSTRIES (INCLUDING CONSISTING OF MIXTURES OF NATURAL PROD) NOT ELSEWHERE SPECIFIED OR INCLUDED | M84: HHH | P84: HANG31830500 | Q84: ONE | S84: {=[3]!checkcont(F84)} -> #NAME? | T84: =I84&J84 -> F20DC
... A92: 82 | B92: SGSIN | C92: VNHPH | D92: HACT | E92: ONE | F92: BEAU1004013 | G92: VN32148AQ | H92: 27-00-82 | I92: F | J92: 20DC | K92: 3.907 | L92: FOOTWEAR OF PLASTIC OR RUBBER, NOS | M92: NHDV | P92: HANG33422400 | Q92: ONE | S92: {=[3]!checkcont(F92)} -> #NAME? | T92: =I92&J92 -> F20DC
A93: 83 | B93: SGSIN | C93: VNHPH | D93: HACT | E93: ONE | F93: FSCU5726356 | G93: VN85442AP | H93: 06-03-88 | I93: F | J93: 40RF | K93: 8.199 | L93: PARTS FOR WASHING & LAUNDRY MACHINES | M93: NHDV | N93: RAD | P93: HANG33585700 | Q93: ONE | S93: {=[3]!checkcont(F93)} -> #NAME? | T93: =I93&J93 -> F40RF
A94: 84 | B94: SGSIN | C94: VNHPH | D94: HACT | E94: ONE | F94: ONEU5046150 | G94: 22367AQ | H94: 06-10-84 | I94: F | J94: 40HC | K94: 12.722 | L94: SPEAKER,MICRO/HEADPHONE,AMPLIFIER, OTHER | M94: SITC | P94: HANG33722700 | Q94: ONE | S94: {=[3]!checkcont(F94)} -> #NAME? | T94: =I94&J94 -> F40HC
A95: 85 | B95: SGSIN | C95: VNHPH | D95: HACT | E95: ONE | F95: ONEU6689362 | G95: 22417AQ | H95: 18-01-88 | I95: F | J95: 40HC | K95: 11.912 | L95: SPEAKER,MICRO/HEADPHONE,AMPLIFIER, OTHER | M95: SITC | P95: HANG33722700 | Q95: ONE | S95: {=[3]!checkcont(F95)} -> #NAME? | T95: =I95&J95 -> F40HC
A96: 86 | B96: SGSIN | C96: VNHPH | D96: HACT | E96: ONE | F96: SEKU4380181 | G96: VN50083AQ | H96: 18-05-88 | I96: F | J96: 40HC | K96: 7.46156 | L96: GDSM (GENERAL DEPARTMENT STORE MERCHANDISE) | M96: SAO A | P96: HANG33769400 | Q96: ONE | S96: {=[3]!checkcont(F96)} -> #NAME? | T96: =I96&J96 -> F40HC
A97: 87 | B97: SGSIN | C97: VNHPH | D97: HACT | E97: ONE | F97: TCLU1642615 | G97: VN52396AQ | H97: 26-08-04 | I97: F | J97: 40HC | K97: 25.808 | L97: FAK OR CARGO, NOS | M97: SAO A | P97: HANG33796400 | Q97: ONE | S97: {=[3]!checkcont(F97)} -> #NAME? | T97: =I97&J97 -> F40HC
A98: 88 | B98: SGSIN | C98: VNHPH | D98: HACT | E98: ONE | F98: FDCU0422114 | G98: VN39358AQ | H98: 32-01-86 | I98: F | J98: 40HC | K98: 9.68475 | L98: FOOTWEAR OF PLASTIC OR RUBBER, NOS | M98: SAO A | P98: HANG33895400 | Q98: ONE | S98: {=[3]!checkcont(F98)} -> #NAME? | T98: =I98&J98 -> F40HC
A99: 89 | B99: SGSIN | C99: VNHPH | D99: HACT | E99: ONE | F99: FFAU6780165 | G99: VN56463AP | H99: 26-04-86 | I99: F | J99: 40HC | K99: 9.0022 | L99: FOOTWEAR OF PLASTIC OR RUBBER, NOS | M99: SAO A | P99: HANG33895400 | Q99: ONE | S99: {=[3]!checkcont(F99)} -> #NAME? | T99: =I99&J99 -> F40HC
A100: 90 | B100: SGSIN | C100: VNHPH | D100: HACT | E100: ONE | F100: NYKU4826453 | G100: VN56462AP | H100: 18-03-86 | I100: F | J100: 40HC | K100: 9.59155 | L100: FOOTWEAR OF PLASTIC OR RUBBER, NOS | M100: SAO A | P100: HANG33895400 | Q100: ONE | S100: {=[3]!checkcont(F100)} -> #NAME? | T100: =I100&J100 -> F40HC
A101: 91 | B101: SGSIN | C101: VNHPH | D101: HACT | E101: ONE | F101: ONEU5601607 | G101: VN39357AQ | H101: 32-00-84 | I101: F | J101: 40HC | K101: 9.11647 | L101: FOOTWEAR OF PLASTIC OR RUBBER, NOS | M101: SAO A | P101: HANG33895400 | Q101: ONE | S101: {=[3]!checkcont(F101)} -> #NAME? | T101: =I101&J101 -> F40HC
A102: 92 | B102: SGSIN | C102: VNHPH | D102: HACT | E102: ONE | F102: ONEU5674115 | G102: VN39352AQ | H102: 32-01-84 | I102: F | J102: 40HC | K102: 9.62427 | L102: FOOTWEAR OF PLASTIC OR RUBBER, NOS | M102: SAO A | P102: HANG33895400 | Q102: ONE | S102: {=[3]!checkcont(F102)} -> #NAME? | T102: =I102&J102 -> F40HC
A103: 93 | B103: SGSIN | C103: VNHPH | D103: HACT | E103: ONE | F103: GCXU5394851 | G103: VN56378AP | H103: 26-05-08 | I103: F | J103: 40HC | K103: 27.55 | L103: BAGS & SACKS, OF PLASTICS, N.O.S. | M103: SAO A | P103: HANG33917600 | Q103: ONE | S103: {=[3]!checkcont(F103)} -> #NAME? | T103: =I103&J103 -> F40HC
A104: 94 | B104: SGSIN | C104: VNHPH | D104: HACT | E104: ONE | F104: TRHU4980514 | G104: VN53371AP | H104: 18-04-82 | I104: F | J104: 40HC | K104: 29.97 | L104: BAGS & SACKS, OF PLASTICS, N.O.S. | M104: SAO A | P104: HANG33917600 | Q104: ONE | S104: {=[3]!checkcont(F104)} -> #NAME? | T104: =I104&J104 -> F40HC
A105: 95 | B105: SGSIN | C105: VNHPH | D105: HACT | E105: ONE | F105: KKFU9152722 | G105: 12235 | H105: 06-07-88 | I105: F | J105: 45HC | K105: 11.05795 | L105: FOOTWEAR OF PLASTIC OR RUBBER, NOS | M105: SITC | P105: HANG33968500 | Q105: ONE | S105: {=[3]!checkcont(F105)} -> #NAME? | T105: =I105&J105 -> F45HC
... A124: 114 | B124: SGSIN | C124: VNHPH | D124: HACT | E124: ONE | F124: ONEU6759916 | G124: VN37118AQ | H124: 26-09-88 | I124: F | J124: 40HC | K124: 8.1071 | L124: FOOTWEAR, OF TEXTILE MATERIALS | M124: HHH | P124: HANG35263900 | Q124: ONE | S124: {=[3]!checkcont(F124)} -> #NAME? | T124: =I124&J124 -> F40HC
A125: 115 | B125: SGSIN | C125: VNHPH | D125: HACT | E125: ONE | F125: UETU4020856 | G125: VN76135AP | H125: 06-08-84 | I125: F | J125: 40DC | K125: 23.876 | L125: FAK, STRAIGHT OR MIXED LOADS OF COMMODITIES NOS (EXCLUDING BREAK BULK CARGO, CARGO MOVING IN FLAT RACK AND OPEN TOP CONTAINERS, PERSONAL EFFECTS AND HOUSEHOLD GOODS) | M125: NHDV | N125: DG - UN 3077 , CLASS 9 | P125: HANG35380900 | Q125: ONE | S125: {=[3]!checkcont(F125)} -> #NAME? | T125: =I125&J125 -> F40DC
A126: 116 | B126: SGSIN | C126: VNHPH | D126: HACT | E126: ONE | F126: BEAU5343144 | G126: VN39273AQ | H126: 18-01-86 | I126: F | J126: 40HC | K126: 8.33564 | L126: FOOTWEAR, OF TEXTILE MATERIALS | M126: SAO A | P126: HANG35448700 | Q126: ONE | S126: {=[3]!checkcont(F126)} -> #NAME? | T126: =I126&J126 -> F40HC
A127: 117 | B127: SGSIN | C127: VNHPH | D127: HACT | E127: ONE | F127: ONEU1586377 | G127: VN39278AQ | H127: 26-08-86 | I127: F | J127: 40HC | K127: 8.75463 | L127: FOOTWEAR, OF TEXTILE MATERIALS | M127: SAO A | P127: HANG35448700 | Q127: ONE | S127: {=[3]!checkcont(F127)} -> #NAME? | T127: =I127&J127 -> F40HC
A128: 118 | B128: SGSIN | C128: VNHPH | D128: HACT | E128: ONE | F128: TRHU6163600 | G128: VN39272AQ | H128: 18-08-86 | I128: F | J128: 40HC | K128: 8.3449 | L128: FOOTWEAR, OF TEXTILE MATERIALS | M128: SAO A | P128: HANG35448700 | Q128: ONE | S128: {=[3]!checkcont(F128)} -> #NAME? | T128: =I128&J128 -> F40HC
A129: 119 | B129: SGSIN | C129: VNHPH | D129: HACT | E129: ONE | F129: TRHU6208048 | G129: VN39277AQ | H129: 26-08-08 | I129: F | J129: 40HC | K129: 8.33556 | L129: FOOTWEAR, OF TEXTILE MATERIALS | M129: SAO A | P129: HANG35448700 | Q129: ONE | S129: {=[3]!checkcont(F129)} -> #NAME? | T129: =I129&J129 -> F40HC
A130: 120 | B130: SGSIN | C130: VNHPH | D130: HACT | E130: ONE | F130: ONEU6933627 | G130: VN56319AP | H130: 26-10-86 | I130: F | J130: 40HC | K130: 7.5867 | L130: GARMENTS, NOS | M130: HHH | P130: HANG35505800 | Q130: ONE | S130: {=[3]!checkcont(F130)} -> #NAME? | T130: =I130&J130 -> F40HC
A131: 121 | B131: SGSIN | C131: VNHPH | D131: HACT | E131: ONE | F131: SEGU2058680 | G131: VN85362AP | H131: 19-00-84 | I131: F | J131: 20DC | K131: 6.37632 | L131: CONSOLIDATED CARGO | M131: NHDV | N131: Lithium (Ion/Metal) & Sodium Ion Batteries - On Deck away from Heat | P131: HANG35514800 | Q131: ONE | S131: {=[3]!checkcont(F131)} -> #NAME? | T131: =I131&J131 -> F20DC
A132: 122 | B132: SGSIN | C132: VNHPH | D132: HACT | E132: ONE | F132: TGCU0211722 | G132: VN53265AP | H132: 26-09-82 | I132: F | J132: 40HC | K132: 9.81335 | L132: COATS, CAPES & CLOAKS FOR MEN & BOYS, OF COTTON, KNITTED OR CROCHETED | M132: SAO A | P132: HANG35515900 | Q132: ONE | S132: {=[3]!checkcont(F132)} -> #NAME? | T132: =I132&J132 -> F40HC
A133: 123 | B133: SGSIN | C133: VNHPH | D133: HACT | E133: ONE | F133: FSCU8658297 | G133: VN56282AP | H133: 26-05-02 | I133: F | J133: 40HC | K133: 30.902 | L133: OTHER, WITH AT LEAST ONE OUTER PLY OF NONCONIFEROUS WOOD OF THE SPECIES ALDER (ALNUS SPP.), ASH (FRAXINUS SPP.), BEECH (FAGUS SPP.), BIRCH (BETULA SPP.), CHERRY (PRUNUS SPP.), CHESTNUT (CASTANEA SPP.) | M133: SAO A | P133: HANG35544400 | Q133: ONE | S133: {=[3]!checkcont(F133)} -> #NAME? | T133: =I133&J133 -> F40HC
A134: 124 | B134: SGSIN | C134: VNHPH | D134: HACT | E134: ONE | F134: ONEU1560161 | G134: VN50421AQ | H134: 18-06-82 | I134: F | J134: 40HC | K134: 30.802 | L134: OTHER, WITH AT LEAST ONE OUTER PLY OF NONCONIFEROUS WOOD OF THE SPECIES ALDER (ALNUS SPP.), ASH (FRAXINUS SPP.), BEECH (FAGUS SPP.), BIRCH (BETULA SPP.), CHERRY (PRUNUS SPP.), CHESTNUT (CASTANEA SPP.) | M134: SAO A | P134: HANG35544400 | Q134: ONE | S134: {=[3]!checkcont(F134)} -> #NAME? | T134: =I134&J134 -> F40HC
A135: 125 | B135: SGSIN | C135: VNHPH | D135: HACT | E135: ONE | F135: ONEU5281592 | G135: VN56271AP | H135: 18-08-82 | I135: F | J135: 40HC | K135: 30.802 | L135: OTHER, WITH AT LEAST ONE OUTER PLY OF NONCONIFEROUS WOOD OF THE SPECIES ALDER (ALNUS SPP.), ASH (FRAXINUS SPP.), BEECH (FAGUS SPP.), BIRCH (BETULA SPP.), CHERRY (PRUNUS SPP.), CHESTNUT (CASTANEA SPP.) | M135: SAO A | P135: HANG35544400 | Q135: ONE | S135: {=[3]!checkcont(F135)} -> #NAME? | T135: =I135&J135 -> F40HC
A136: 126 | B136: SGSIN | C136: VNHPH | D136: HACT | E136: ONE | F136: TCNU3901796 | G136: VN32457AQ | H136: 26-03-04 | I136: F | J136: 40HC | K136: 30.872 | L136: OTHER, WITH AT LEAST ONE OUTER PLY OF NONCONIFEROUS WOOD OF THE SPECIES ALDER (ALNUS SPP.), ASH (FRAXINUS SPP.), BEECH (FAGUS SPP.), BIRCH (BETULA SPP.), CHERRY (PRUNUS SPP.), CHESTNUT (CASTANEA SPP.) | M136: SAO A | P136: HANG35544400 | Q136: ONE | S136: {=[3]!checkcont(F136)} -> #NAME? | T136: =I136&J136 -> F40HC
A137: 127 | B137: SGSIN | C137: VNHPH | D137: HACT | E137: ONE | F137: TCNU4879887 | G137: VN50427AQ | H137: 26-07-04 | I137: F | J137: 40HC | K137: 30.872 | L137: OTHER, WITH AT LEAST ONE OUTER PLY OF NONCONIFEROUS WOOD OF THE SPECIES ALDER (ALNUS SPP.), ASH (FRAXINUS SPP.), BEECH (FAGUS SPP.), BIRCH (BETULA SPP.), CHERRY (PRUNUS SPP.), CHESTNUT (CASTANEA SPP.) | M137: SAO A | P137: HANG35544400 | Q137: ONE | S137: {=[3]!checkcont(F137)} -> #NAME? | T137: =I137&J137 -> F40HC
A138: 128 | B138: SGSIN | C138: VNHPH | D138: HACT | E138: ONE | F138: TXGU8693851 | G138: VN50428AQ | H138: 18-06-10 | I138: F | J138: 40HC | K138: 30.772 | L138: OTHER, WITH AT LEAST ONE OUTER PLY OF NONCONIFEROUS WOOD OF THE SPECIES ALDER (ALNUS SPP.), ASH (FRAXINUS SPP.), BEECH (FAGUS SPP.), BIRCH (BETULA SPP.), CHERRY (PRUNUS SPP.), CHESTNUT (CASTANEA SPP.) | M138: SAO A | P138: HANG35544400 | Q138: ONE | S138: {=[3]!checkcont(F138)} -> #NAME? | T138: =I138&J138 -> F40HC
A139: 129 | B139: SGSIN | C139: VNHPH | D139: HACT | E139: ONE | F139: FDCU0464613 | G139: VN69430AP | H139: 26-06-88 | I139: F | J139: 40HC | K139: 9.879 | L139: PRINTING MACHINERY AND ANCILLARY, MACHINES WHICH PERFORM TWO OR MORE OF THE FUNCTIONS OF PRINTING, COPYING OR FACSIMILE TRANSMISSION, CAPABLE OF CONNECTING TO AN AUTOMATIC DATA PROCESSING MACHINE OR | M139: SAO A | P139: HANG35854800 | Q139: ONE | S139: {=[3]!checkcont(F139)} -> #NAME? | T139: =I139&J139 -> F40HC
...

Sheet VICT LADEN
A1: FINAL LIST OF LOADING CONTAINERS
A2: VESSEL: | C2: =TOTAL!E2 -> 0 | H2: PORT OF LOADING : HAI PHONG
A3: VOY: | B3: =+TOTAL!D3 -> 037S | D3: ATA: | E3: =+TOTAL!H3:I3 -> #VALUE! | H3: PORT OF DISCHARGING : DA NANG
A4: FLAG: | B4: =TOTAL!D4:E4 -> #VALUE! | D4: ATD: | E4: =+TOTAL!H4:I4 -> #VALUE! | H4: SHIPPING AGENT : HAIAN AGENCY & LOGISTICS COMPANY LIMITED
A6: HAI AN AGENCY & LOGISTICS CO.,LTD | J6: VICT
A7: 2nd FLOOR HA BUILDING - KM2 DINH VU ROAD - HA DIST - HAI PHONG
A8: TEL : +84-31-3260446 FAX : +84-31-3260577
A10: SQ | B10: OPR | C10: LINE | D10: CONTNo. | E10: SEALNo. | F10: CELL | G10: F | H10: SIZE | I10: VGM (KGM) | J10: DESCRIPTION OFGOODS | K10: CY | L10: REMARKS | M10: Booking No | N10: B/L | O10: Shipper | Q10: CONNECTING VESSEL | R10: POD
A11: 1 | S11: {=[3]!checkcont(D11)} -> Please input data ! | T11: =G11&H11
A12: 2 | S12: {=[3]!checkcont(D12)} -> Please input data ! | T12: =G12&H12
A13: 3 | S13: {=[3]!checkcont(D13)} -> Please input data ! | T13: =G13&H13
A14: 4 | S14: {=[3]!checkcont(D14)} -> Please input data ! | T14: =G14&H14
A15: 5 | S15: {=[3]!checkcont(D15)} -> Please input data ! | T15: =G15&H15
A16: 6 | S16: {=[3]!checkcont(D16)} -> Please input data ! | T16: =G16&H16
A17: 7 | S17: {=[3]!checkcont(D17)} -> Please input data ! | T17: =G17&H17
A18: 8 | S18: {=[3]!checkcont(D18)} -> Please input data ! | T18: =G18&H18
A19: 9 | S19: {=[3]!checkcont(D19)} -> Please input data ! | T19: =G19&H19
A20: 10 | S20: {=[3]!checkcont(D20)} -> Please input data ! | T20: =G20&H20
A21: 11 | S21: {=[3]!checkcont(D21)} -> Please input data ! | T21: =G21&H21
A22: 12 | S22: {=[3]!checkcont(D22)} -> Please input data ! | T22: =G22&H22
... A501: 491 | S501: {=[3]!checkcont(D501)} -> Please input data ! | T501: =G501&H501

Sheet VICT EMPTY
A1: FINAL LIST OF LOADING CONTAINERS
A2: VESSEL: | C2: =+TOTAL!E2 -> 0 | H2: PORT OF LOADING : HAI PHONG
A3: VOY: | B3: =+TOTAL!D3 -> 037S | D3: ATA: | E3: =+TOTAL!#REF! -> #REF! | H3: PORT OF DISCHARGING : HO CHI MINH
A4: FLAG: | B4: =+TOTAL!D4:E4 -> #VALUE! | D4: ATD: | E4: =+TOTAL!#REF! -> #REF! | H4: SHIPPING AGENT : HAIAN AGENCY & LOGISTICS COMPANY LIMITED
A6: HAI AN AGENCY & LOGISTICS CO.,LTD | K6: VICT
A7: 2nd FLOOR HA BUILDING - KM2 DINH VU ROAD - HA DIST - HAI PHONG
A8: TEL : +84-31-3260446 FAX : +84-31-3260577
A10: SQ | B10: OPR | C10: LINE | D10: CONTNo. | E10: CELL | F10: E | G10: SIZE | H10: VGM (KGM) | I10: DESCRIPTION OFGOODS | J10: CY | K10: REMARKS | L10: Booking No | M10: Shipper | N10: SALES/ MKT
A11: 1 | O11: {=[3]!checkcont(D11)} -> Please input data ! | P11: =F11&LEFT(G11,2)
A12: 2 | O12: {=[3]!checkcont(D12)} -> Please input data ! | P12: =F12&LEFT(G12,2)
A13: 3 | O13: {=[3]!checkcont(D13)} -> Please input data ! | P13: =F13&LEFT(G13,2)
A14: 4 | O14: {=[3]!checkcont(D14)} -> Please input data ! | P14: =F14&LEFT(G14,2)
A15: 5 | O15: {=[3]!checkcont(D15)} -> Please input data ! | P15: =F15&LEFT(G15,2)
A16: 6 | O16: {=[3]!checkcont(D16)} -> Please input data ! | P16: =F16&LEFT(G16,2)
A17: 7 | O17: {=[3]!checkcont(D17)} -> Please input data ! | P17: =F17&LEFT(G17,2)
A18: 8 | O18: {=[3]!checkcont(D18)} -> Please input data ! | P18: =F18&LEFT(G18,2)
A19: 9 | O19: {=[3]!checkcont(D19)} -> Please input data ! | P19: =F19&LEFT(G19,2)
A20: 10 | O20: {=[3]!checkcont(D20)} -> Please input data ! | P20: =F20&LEFT(G20,2)
A21: 11 | O21: {=[3]!checkcont(D21)} -> Please input data ! | P21: =F21&LEFT(G21,2)
A22: 12 | O22: {=[3]!checkcont(D22)} -> Please input data ! | P22: =F22&LEFT(G22,2)
... A410: 400 | O410: {=[3]!checkcont(D410)} -> Please input data ! | P410: =F410&LEFT(G410,2)
O411: {=[3]!checkcont(D411)} -> Please input data ! | P411: =F411&LEFT(G411,2)

Sheet BRAVO
A1: POD | B1: LINE | C1: CONTNo. | D1: SEALNo. | E1: CELL | F1: F | G1: SIZE | H1: VGM (KGM) | I1: DESCRIPTION OFGOODS | J1: Booking No | K1: REMARKS | L1: Shipper
A2: TCIT-VUT | B2: =#REF! -> #REF! | C2: =#REF! -> #REF! | D2: =#REF! -> #REF! | E2: =#REF! -> #REF! | F2: =#REF! -> #REF! | G2: =#REF! -> #REF! | H2: =#REF! -> #REF! | I2: =#REF! -> #REF! | ... L2: =#REF! -> #REF!
A3: TCIT-VUT | B3: =#REF! -> #REF! | C3: =#REF! -> #REF! | D3: =#REF! -> #REF! | E3: =#REF! -> #REF! | F3: =#REF! -> #REF! | G3: =#REF! -> #REF! | H3: =#REF! -> #REF! | I3: =#REF! -> #REF! | ... L3: =#REF! -> #REF!
A4: TCIT-VUT | B4: =#REF! -> #REF! | C4: =#REF! -> #REF! | D4: =#REF! -> #REF! | E4: =#REF! -> #REF! | F4: =#REF! -> #REF! | G4: =#REF! -> #REF! | H4: =#REF! -> #REF! | I4: =#REF! -> #REF! | ... L4: =#REF! -> #REF!
A5: TCIT-VUT | B5: =#REF! -> #REF! | C5: =#REF! -> #REF! | D5: =#REF! -> #REF! | E5: =#REF! -> #REF! | F5: =#REF! -> #REF! | G5: =#REF! -> #REF! | H5: =#REF! -> #REF! | I5: =#REF! -> #REF! | ... L5: =#REF! -> #REF!
A6: TCIT-VUT | B6: =#REF! -> #REF! | C6: =#REF! -> #REF! | D6: =#REF! -> #REF! | E6: =#REF! -> #REF! | F6: =#REF! -> #REF! | G6: =#REF! -> #REF! | H6: =#REF! -> #REF! | I6: =#REF! -> #REF! | ... L6: =#REF! -> #REF!
A7: TCIT-VUT | B7: =#REF! -> #REF! | C7: =#REF! -> #REF! | D7: =#REF! -> #REF! | E7: =#REF! -> #REF! | F7: =#REF! -> #REF! | G7: =#REF! -> #REF! | H7: =#REF! -> #REF! | I7: =#REF! -> #REF! | ... L7: =#REF! -> #REF!
A8: TCIT-VUT | B8: =#REF! -> #REF! | C8: =#REF! -> #REF! | D8: =#REF! -> #REF! | E8: =#REF! -> #REF! | F8: =#REF! -> #REF! | G8: =#REF! -> #REF! | H8: =#REF! -> #REF! | I8: =#REF! -> #REF! | ... L8: =#REF! -> #REF!
A9: TCIT-VUT | B9: =#REF! -> #REF! | C9: =#REF! -> #REF! | D9: =#REF! -> #REF! | E9: =#REF! -> #REF! | F9: =#REF! -> #REF! | G9: =#REF! -> #REF! | H9: =#REF! -> #REF! | I9: =#REF! -> #REF! | ... L9: =#REF! -> #REF!
A10: TCIT-VUT | B10: =#REF! -> #REF! | C10: =#REF! -> #REF! | D10: =#REF! -> #REF! | E10: =#REF! -> #REF! | F10: =#REF! -> #REF! | G10: =#REF! -> #REF! | H10: =#REF! -> #REF! | I10: =#REF! -> #REF! | ... L10: =#REF! -> #REF!
A11: TCIT-VUT | B11: =#REF! -> #REF! | C11: =#REF! -> #REF! | D11: =#REF! -> #REF! | E11: =#REF! -> #REF! | F11: =#REF! -> #REF! | G11: =#REF! -> #REF! | H11: =#REF! -> #REF! | I11: =#REF! -> #REF! | ... L11: =#REF! -> #REF!
A12: TCIT-VUT | B12: =#REF! -> #REF! | C12: =#REF! -> #REF! | D12: =#REF! -> #REF! | E12: =#REF! -> #REF! | F12: =#REF! -> #REF! | G12: =#REF! -> #REF! | H12: =#REF! -> #REF! | I12: =#REF! -> #REF! | ... L12: =#REF! -> #REF!
A13: TCIT-VUT | B13: =#REF! -> #REF! | C13: =#REF! -> #REF! | D13: =#REF! -> #REF! | E13: =#REF! -> #REF! | F13: =#REF! -> #REF! | G13: =#REF! -> #REF! | H13: =#REF! -> #REF! | I13: =#REF! -> #REF! | ... L13: =#REF! -> #REF!
... A501: TCIT-VUT | B501: =#REF! -> #REF! | C501: =#REF! -> #REF! | D501: =#REF! -> #REF! | E501: =#REF! -> #REF! | F501: =#REF! -> #REF! | G501: =#REF! -> #REF! | H501: =#REF! -> #REF! | I501: =#REF! -> #REF! | ... L501: =#REF! -> #REF!
A502: VICT | B502: ='VICT EMPTY'!C11 -> 0 | C502: ='VICT EMPTY'!D11 -> 0 | D502: ='VICT LADEN'!E11 -> 0 | E502: ='VICT EMPTY'!E11 -> 0 | F502: ='VICT EMPTY'!F11 -> 0 | G502: ='VICT EMPTY'!G11 -> 0 | H502: ='VICT EMPTY'!H11 -> 0 | I502: ='VICT EMPTY'!I11 -> 0 | J502: ='VICT EMPTY'!L11 -> 0 | K502: ='VICT EMPTY'!K11 -> 0 | L502: ='VICT EMPTY'!M11 -> 0
A503: VICT | B503: ='VICT EMPTY'!C12 -> 0 | C503: ='VICT EMPTY'!D12 -> 0 | D503: ='VICT LADEN'!E12 -> 0 | E503: ='VICT EMPTY'!E12 -> 0 | F503: ='VICT EMPTY'!F12 -> 0 | G503: ='VICT EMPTY'!G12 -> 0 | H503: ='VICT EMPTY'!H12 -> 0 | I503: ='VICT EMPTY'!I12 -> 0 | J503: ='VICT EMPTY'!L12 -> 0 | K503: ='VICT EMPTY'!K12 -> 0 | L503: ='VICT EMPTY'!M12 -> 0
A504: VICT | B504: ='VICT EMPTY'!C13 -> 0 | C504: ='VICT EMPTY'!D13 -> 0 | D504: ='VICT LADEN'!E13 -> 0 | E504: ='VICT EMPTY'!E13 -> 0 | F504: ='VICT EMPTY'!F13 -> 0 | G504: ='VICT EMPTY'!G13 -> 0 | H504: ='VICT EMPTY'!H13 -> 0 | I504: ='VICT EMPTY'!I13 -> 0 | J504: ='VICT EMPTY'!L13 -> 0 | K504: ='VICT EMPTY'!K13 -> 0 | L504: ='VICT EMPTY'!M13 -> 0
A505: VICT | B505: ='VICT EMPTY'!C14 -> 0 | C505: ='VICT EMPTY'!D14 -> 0 | D505: ='VICT LADEN'!E14 -> 0 | E505: ='VICT EMPTY'!E14 -> 0 | F505: ='VICT EMPTY'!F14 -> 0 | G505: ='VICT EMPTY'!G14 -> 0 | H505: ='VICT EMPTY'!H14 -> 0 | I505: ='VICT EMPTY'!I14 -> 0 | J505: ='VICT EMPTY'!L14 -> 0 | K505: ='VICT EMPTY'!K14 -> 0 | L505: ='VICT EMPTY'!M14 -> 0
A506: VICT | B506: ='VICT EMPTY'!C15 -> 0 | C506: ='VICT EMPTY'!D15 -> 0 | D506: ='VICT LADEN'!E15 -> 0 | E506: ='VICT EMPTY'!E15 -> 0 | F506: ='VICT EMPTY'!F15 -> 0 | G506: ='VICT EMPTY'!G15 -> 0 | H506: ='VICT EMPTY'!H15 -> 0 | I506: ='VICT EMPTY'!I15 -> 0 | J506: ='VICT EMPTY'!L15 -> 0 | K506: ='VICT EMPTY'!K15 -> 0 | L506: ='VICT EMPTY'!M15 -> 0
A507: VICT | B507: ='VICT EMPTY'!C16 -> 0 | C507: ='VICT EMPTY'!D16 -> 0 | D507: ='VICT LADEN'!E16 -> 0 | E507: ='VICT EMPTY'!E16 -> 0 | F507: ='VICT EMPTY'!F16 -> 0 | G507: ='VICT EMPTY'!G16 -> 0 | H507: ='VICT EMPTY'!H16 -> 0 | I507: ='VICT EMPTY'!I16 -> 0 | J507: ='VICT EMPTY'!L16 -> 0 | K507: ='VICT EMPTY'!K16 -> 0 | L507: ='VICT EMPTY'!M16 -> 0
A508: VICT | B508: ='VICT EMPTY'!C17 -> 0 | C508: ='VICT EMPTY'!D17 -> 0 | D508: ='VICT LADEN'!E17 -> 0 | E508: ='VICT EMPTY'!E17 -> 0 | F508: ='VICT EMPTY'!F17 -> 0 | G508: ='VICT EMPTY'!G17 -> 0 | H508: ='VICT EMPTY'!H17 -> 0 | I508: ='VICT EMPTY'!I17 -> 0 | J508: ='VICT EMPTY'!L17 -> 0 | K508: ='VICT EMPTY'!K17 -> 0 | L508: ='VICT EMPTY'!M17 -> 0
A509: VICT | B509: ='VICT EMPTY'!C18 -> 0 | C509: ='VICT EMPTY'!D18 -> 0 | D509: ='VICT LADEN'!E18 -> 0 | E509: ='VICT EMPTY'!E18 -> 0 | F509: ='VICT EMPTY'!F18 -> 0 | G509: ='VICT EMPTY'!G18 -> 0 | H509: ='VICT EMPTY'!H18 -> 0 | I509: ='VICT EMPTY'!I18 -> 0 | J509: ='VICT EMPTY'!L18 -> 0 | K509: ='VICT EMPTY'!K18 -> 0 | L509: ='VICT EMPTY'!M18 -> 0
A510: VICT | B510: ='VICT EMPTY'!C19 -> 0 | C510: ='VICT EMPTY'!D19 -> 0 | D510: ='VICT LADEN'!E19 -> 0 | E510: ='VICT EMPTY'!E19 -> 0 | F510: ='VICT EMPTY'!F19 -> 0 | G510: ='VICT EMPTY'!G19 -> 0 | H510: ='VICT EMPTY'!H19 -> 0 | I510: ='VICT EMPTY'!I19 -> 0 | J510: ='VICT EMPTY'!L19 -> 0 | K510: ='VICT EMPTY'!K19 -> 0 | L510: ='VICT EMPTY'!M19 -> 0
A511: VICT | B511: ='VICT EMPTY'!C20 -> 0 | C511: ='VICT EMPTY'!D20 -> 0 | D511: ='VICT LADEN'!E20 -> 0 | E511: ='VICT EMPTY'!E20 -> 0 | F511: ='VICT EMPTY'!F20 -> 0 | G511: ='VICT EMPTY'!G20 -> 0 | H511: ='VICT EMPTY'!H20 -> 0 | I511: ='VICT EMPTY'!I20 -> 0 | J511: ='VICT EMPTY'!L20 -> 0 | K511: ='VICT EMPTY'!K20 -> 0 | L511: ='VICT EMPTY'!M20 -> 0
A512: VICT | B512: ='VICT EMPTY'!C21 -> 0 | C512: ='VICT EMPTY'!D21 -> 0 | D512: ='VICT LADEN'!E21 -> 0 | E512: ='VICT EMPTY'!E21 -> 0 | F512: ='VICT EMPTY'!F21 -> 0 | G512: ='VICT EMPTY'!G21 -> 0 | H512: ='VICT EMPTY'!H21 -> 0 | I512: ='VICT EMPTY'!I21 -> 0 | J512: ='VICT EMPTY'!L21 -> 0 | K512: ='VICT EMPTY'!K21 -> 0 | L512: ='VICT EMPTY'!M21 -> 0
A513: VICT | B513: ='VICT EMPTY'!C22 -> 0 | C513: ='VICT EMPTY'!D22 -> 0 | D513: ='VICT LADEN'!E22 -> 0 | E513: ='VICT EMPTY'!E22 -> 0 | F513: ='VICT EMPTY'!F22 -> 0 | G513: ='VICT EMPTY'!G22 -> 0 | H513: ='VICT EMPTY'!H22 -> 0 | I513: ='VICT EMPTY'!I22 -> 0 | J513: ='VICT EMPTY'!L22 -> 0 | K513: ='VICT EMPTY'!K22 -> 0 | L513: ='VICT EMPTY'!M22 -> 0
... A603: VICT | B603: ='VICT EMPTY'!C112 -> 0 | C603: ='VICT EMPTY'!D112 -> 0 | D603: ='VICT LADEN'!E112 -> 0 | E603: ='VICT EMPTY'!E112 -> 0 | F603: ='VICT EMPTY'!F112 -> 0 | G603: ='VICT EMPTY'!G112 -> 0 | H603: ='VICT EMPTY'!H112 -> 0 | I603: ='VICT EMPTY'!I112 -> 0 | J603: ='VICT EMPTY'!L112 -> 0 | K603: ='VICT EMPTY'!K112 -> 0 | L603: ='VICT EMPTY'!M112 -> 0
A604: TIENSA | B604: ='VICT LADEN'!C104 -> 0 | C604: ='VICT LADEN'!D104 -> 0 | D604: ='VICT LADEN'!E104 -> 0 | E604: ='VICT LADEN'!F104 -> 0 | F604: ='VICT LADEN'!G104 -> 0 | G604: ='VICT LADEN'!H104 -> 0 | H604: ='VICT LADEN'!I104 -> 0 | I604: ='VICT LADEN'!J104 -> 0 | J604: ='VICT LADEN'!O104 -> 0 | K604: ='VICT LADEN'!L104 -> 0 | L604: ='VICT LADEN'!P104 -> 0
A605: TIENSA | B605: ='VICT LADEN'!C105 -> 0 | C605: ='VICT LADEN'!D105 -> 0 | D605: ='VICT LADEN'!E105 -> 0 | E605: ='VICT LADEN'!F105 -> 0 | F605: ='VICT LADEN'!G105 -> 0 | G605: ='VICT LADEN'!H105 -> 0 | H605: ='VICT LADEN'!I105 -> 0 | I605: ='VICT LADEN'!J105 -> 0 | J605: ='VICT LADEN'!O105 -> 0 | K605: ='VICT LADEN'!L105 -> 0 | L605: ='VICT LADEN'!P105 -> 0
A606: TIENSA | B606: ='VICT LADEN'!C106 -> 0 | C606: ='VICT LADEN'!D106 -> 0 | D606: ='VICT LADEN'!E106 -> 0 | E606: ='VICT LADEN'!F106 -> 0 | F606: ='VICT LADEN'!G106 -> 0 | G606: ='VICT LADEN'!H106 -> 0 | H606: ='VICT LADEN'!I106 -> 0 | I606: ='VICT LADEN'!J106 -> 0 | J606: ='VICT LADEN'!O106 -> 0 | K606: ='VICT LADEN'!L106 -> 0 | L606: ='VICT LADEN'!P106 -> 0
A607: TIENSA | B607: ='VICT LADEN'!C107 -> 0 | C607: ='VICT LADEN'!D107 -> 0 | D607: ='VICT LADEN'!E107 -> 0 | E607: ='VICT LADEN'!F107 -> 0 | F607: ='VICT LADEN'!G107 -> 0 | G607: ='VICT LADEN'!H107 -> 0 | H607: ='VICT LADEN'!I107 -> 0 | I607: ='VICT LADEN'!J107 -> 0 | J607: ='VICT LADEN'!O107 -> 0 | K607: ='VICT LADEN'!L107 -> 0 | L607: ='VICT LADEN'!P107 -> 0
A608: TIENSA | B608: ='VICT LADEN'!C108 -> 0 | C608: ='VICT LADEN'!D108 -> 0 | D608: ='VICT LADEN'!E108 -> 0 | E608: ='VICT LADEN'!F108 -> 0 | F608: ='VICT LADEN'!G108 -> 0 | G608: ='VICT LADEN'!H108 -> 0 | H608: ='VICT LADEN'!I108 -> 0 | I608: ='VICT LADEN'!J108 -> 0 | J608: ='VICT LADEN'!O108 -> 0 | K608: ='VICT LADEN'!L108 -> 0 | L608: ='VICT LADEN'!P108 -> 0
A609: TIENSA | B609: ='VICT LADEN'!C109 -> 0 | C609: ='VICT LADEN'!D109 -> 0 | D609: ='VICT LADEN'!E109 -> 0 | E609: ='VICT LADEN'!F109 -> 0 | F609: ='VICT LADEN'!G109 -> 0 | G609: ='VICT LADEN'!H109 -> 0 | H609: ='VICT LADEN'!I109 -> 0 | I609: ='VICT LADEN'!J109 -> 0 | J609: ='VICT LADEN'!O109 -> 0 | K609: ='VICT LADEN'!L109 -> 0 | L609: ='VICT LADEN'!P109 -> 0
A610: TIENSA | B610: ='VICT LADEN'!C110 -> 0 | C610: ='VICT LADEN'!D110 -> 0 | D610: ='VICT LADEN'!E110 -> 0 | E610: ='VICT LADEN'!F110 -> 0 | F610: ='VICT LADEN'!G110 -> 0 | G610: ='VICT LADEN'!H110 -> 0 | H610: ='VICT LADEN'!I110 -> 0 | I610: ='VICT LADEN'!J110 -> 0 | J610: ='VICT LADEN'!O110 -> 0 | K610: ='VICT LADEN'!L110 -> 0 | L610: ='VICT LADEN'!P110 -> 0
A611: TIENSA | B611: ='VICT LADEN'!C111 -> 0 | C611: ='VICT LADEN'!D111 -> 0 | D611: ='VICT LADEN'!E111 -> 0 | E611: ='VICT LADEN'!F111 -> 0 | F611: ='VICT LADEN'!G111 -> 0 | G611: ='VICT LADEN'!H111 -> 0 | H611: ='VICT LADEN'!I111 -> 0 | I611: ='VICT LADEN'!J111 -> 0 | J611: ='VICT LADEN'!O111 -> 0 | K611: ='VICT LADEN'!L111 -> 0 | L611: ='VICT LADEN'!P111 -> 0
A612: TIENSA | B612: ='VICT LADEN'!C112 -> 0 | C612: ='VICT LADEN'!D112 -> 0 | D612: ='VICT LADEN'!E112 -> 0 | E612: ='VICT LADEN'!F112 -> 0 | F612: ='VICT LADEN'!G112 -> 0 | G612: ='VICT LADEN'!H112 -> 0 | H612: ='VICT LADEN'!I112 -> 0 | I612: ='VICT LADEN'!J112 -> 0 | J612: ='VICT LADEN'!O112 -> 0 | K612: ='VICT LADEN'!L112 -> 0 | L612: ='VICT LADEN'!P112 -> 0
A613: TIENSA | B613: ='VICT LADEN'!C113 -> 0 | C613: ='VICT LADEN'!D113 -> 0 | D613: ='VICT LADEN'!E113 -> 0 | E613: ='VICT LADEN'!F113 -> 0 | F613: ='VICT LADEN'!G113 -> 0 | G613: ='VICT LADEN'!H113 -> 0 | H613: ='VICT LADEN'!I113 -> 0 | I613: ='VICT LADEN'!J113 -> 0 | J613: ='VICT LADEN'!O113 -> 0 | K613: ='VICT LADEN'!L113 -> 0 | L613: ='VICT LADEN'!P113 -> 0
A614: TIENSA | B614: ='VICT LADEN'!C114 -> 0 | C614: ='VICT LADEN'!D114 -> 0 | D614: ='VICT LADEN'!E114 -> 0 | E614: ='VICT LADEN'!F114 -> 0 | F614: ='VICT LADEN'!G114 -> 0 | G614: ='VICT LADEN'!H114 -> 0 | H614: ='VICT LADEN'!I114 -> 0 | I614: ='VICT LADEN'!J114 -> 0 | J614: ='VICT LADEN'!O114 -> 0 | K614: ='VICT LADEN'!L114 -> 0 | L614: ='VICT LADEN'!P114 -> 0
A615: TIENSA | B615: ='VICT LADEN'!C115 -> 0 | C615: ='VICT LADEN'!D115 -> 0 | D615: ='VICT LADEN'!E115 -> 0 | E615: ='VICT LADEN'!F115 -> 0 | F615: ='VICT LADEN'!G115 -> 0 | G615: ='VICT LADEN'!H115 -> 0 | H615: ='VICT LADEN'!I115 -> 0 | I615: ='VICT LADEN'!J115 -> 0 | J615: ='VICT LADEN'!O115 -> 0 | K615: ='VICT LADEN'!L115 -> 0 | L615: ='VICT LADEN'!P115 -> 0
... A1001: TIENSA | B1001: ='VICT LADEN'!C501 -> 0 | C1001: ='VICT LADEN'!D501 -> 0 | D1001: ='VICT LADEN'!E501 -> 0 | E1001: ='VICT LADEN'!F501 -> 0 | F1001: ='VICT LADEN'!G501 -> 0 | G1001: ='VICT LADEN'!H501 -> 0 | H1001: ='VICT LADEN'!I501 -> 0 | I1001: ='VICT LADEN'!J501 -> 0 | J1001: ='VICT LADEN'!O501 -> 0 | K1001: ='VICT LADEN'!L501 -> 0 | L1001: ='VICT LADEN'!P501 -> 0
A1002: SIN | B1002: =TOTAL!E11 -> ONE | C1002: =TOTAL!F11 -> DRYU6018669 | D1002: =TOTAL!#REF! -> #REF! | E1002: =TOTAL!H11 -> 06-02-86 | F1002: =TOTAL!I11 -> F | G1002: =TOTAL!J11 -> 40HC | H1002: =TOTAL!K11 -> 15.6643 | I1002: =TOTAL!L11 -> PRINTER OR TYPEWRITER CARTRIDGES & RIBBONS | J1002: =TOTAL!P11 -> HANG16054600 | K1002: =TOTAL!N11 -> 0 | L1002: =TOTAL!Q11 -> ONE
A1003: SIN | B1003: =TOTAL!E12 -> ONE | C1003: =TOTAL!F12 -> TRHU4799213 | D1003: =TOTAL!#REF! -> #REF! | E1003: =TOTAL!H12 -> 06-01-86 | F1003: =TOTAL!I12 -> F | G1003: =TOTAL!J12 -> 40HC | H1003: =TOTAL!K12 -> 10.71122 | I1003: =TOTAL!L12 -> GDSM (GENERAL DEPARTMENT STORE MERCHANDISE) | J1003: =TOTAL!P12 -> HANG20479500 | K1003: =TOTAL!N12 -> 0 | L1003: =TOTAL!Q12 -> ONE
A1004: SIN | B1004: =TOTAL!E13 -> ONE | C1004: =TOTAL!F13 -> FTAU1297613 | D1004: =TOTAL!#REF! -> #REF! | E1004: =TOTAL!H13 -> 17-00-06 | F1004: =TOTAL!I13 -> F | G1004: =TOTAL!J13 -> 20DC | H1004: =TOTAL!K13 -> 25.66 | I1004: =TOTAL!L13 -> IRON OR STEEL SCREW,BOLT,NUT,RIVET, OTHER SCREWS AND BOLTS, WHETHER OR NOT WITH THEIR NUTS OR WASHERS | J1004: =TOTAL!P13 -> HANG21869900 | K1004: =TOTAL!N13 -> 0 | L1004: =TOTAL!Q13 -> ONE
A1005: SIN | B1005: =TOTAL!#REF! -> #REF! | C1005: =TOTAL!#REF! -> #REF! | D1005: =TOTAL!#REF! -> #REF! | E1005: =TOTAL!#REF! -> #REF! | F1005: =TOTAL!#REF! -> #REF! | G1005: =TOTAL!#REF! -> #REF! | H1005: =TOTAL!#REF! -> #REF! | I1005: =TOTAL!#REF! -> #REF! | ... L1005: =TOTAL!#REF! -> #REF!
A1006: SIN | B1006: =TOTAL!#REF! -> #REF! | C1006: =TOTAL!#REF! -> #REF! | D1006: =TOTAL!#REF! -> #REF! | E1006: =TOTAL!#REF! -> #REF! | F1006: =TOTAL!#REF! -> #REF! | G1006: =TOTAL!#REF! -> #REF! | H1006: =TOTAL!#REF! -> #REF! | I1006: =TOTAL!#REF! -> #REF! | ... L1006: =TOTAL!#REF! -> #REF!
A1007: SIN | B1007: =TOTAL!E14 -> ONE | C1007: =TOTAL!F14 -> ONEU2623855 | D1007: =TOTAL!#REF! -> #REF! | E1007: =TOTAL!H14 -> 19-06-08 | F1007: =TOTAL!I14 -> F | G1007: =TOTAL!J14 -> 20DC | H1007: =TOTAL!K14 -> 25.66699 | I1007: =TOTAL!L14 -> IRON OR STEEL SCREW,BOLT,NUT,RIVET, OTHER SCREWS AND BOLTS, WHETHER OR NOT WITH THEIR NUTS OR WASHERS | J1007: =TOTAL!P14 -> HANG21869900 | K1007: =TOTAL!N14 -> 0 | L1007: =TOTAL!Q14 -> ONE
A1008: SIN | B1008: =TOTAL!E15 -> ONE | C1008: =TOTAL!F15 -> KKFU8024007 | D1008: =TOTAL!#REF! -> #REF! | E1008: =TOTAL!H15 -> 06-00-86 | F1008: =TOTAL!I15 -> F | G1008: =TOTAL!J15 -> 40HC | H1008: =TOTAL!K15 -> 9.63 | I1008: =TOTAL!L15 -> UNIFORMS, APRONS & OTHER GARMENTS, N.O.S., OF MANMADE FIBERS, KNITTED OR CROCHETED | J1008: =TOTAL!P15 -> HANG23134300 | K1008: =TOTAL!N15 -> 0 | L1008: =TOTAL!Q15 -> ONE
A1009: SIN | B1009: =TOTAL!E16 -> ONE | C1009: =TOTAL!F16 -> GAOU6571498 | D1009: =TOTAL!#REF! -> #REF! | E1009: =TOTAL!H16 -> 26-02-06 | F1009: =TOTAL!I16 -> F | G1009: =TOTAL!J16 -> 40HC | H1009: =TOTAL!K16 -> 21.39048 | I1009: =TOTAL!L16 -> BAGS & SACKS, OF POLYETHYLENE | J1009: =TOTAL!P16 -> HANG23214900 | K1009: =TOTAL!N16 -> 0 | L1009: =TOTAL!Q16 -> ONE
A1010: SIN | B1010: =TOTAL!E17 -> ONE | C1010: =TOTAL!F17 -> KKFU8081584 | D1010: =TOTAL!#REF! -> #REF! | E1010: =TOTAL!H17 -> 26-05-06 | F1010: =TOTAL!I17 -> F | G1010: =TOTAL!J17 -> 40HC | H1010: =TOTAL!K17 -> 28.95758 | I1010: =TOTAL!L17 -> BAGS & SACKS, OF POLYETHYLENE | J1010: =TOTAL!P17 -> HANG23214900 | K1010: =TOTAL!N17 -> 0 | L1010: =TOTAL!Q17 -> ONE
A1011: SIN | B1011: =TOTAL!E18 -> ONE | C1011: =TOTAL!F18 -> ONEU0038086 | D1011: =TOTAL!#REF! -> #REF! | E1011: =TOTAL!H18 -> 18-05-10 | F1011: =TOTAL!I18 -> F | G1011: =TOTAL!J18 -> 40HC | H1011: =TOTAL!K18 -> 28.93575 | I1011: =TOTAL!L18 -> BAGS & SACKS, OF POLYETHYLENE | J1011: =TOTAL!P18 -> HANG23214900 | K1011: =TOTAL!N18 -> 0 | L1011: =TOTAL!Q18 -> ONE
A1012: SIN | B1012: =TOTAL!E19 -> ONE | C1012: =TOTAL!F19 -> TCLU7908019 | D1012: =TOTAL!#REF! -> #REF! | E1012: =TOTAL!H19 -> 26-07-08 | F1012: =TOTAL!I19 -> F | G1012: =TOTAL!J19 -> 40HC | H1012: =TOTAL!K19 -> 28.92652 | I1012: =TOTAL!L19 -> BAGS & SACKS, OF POLYETHYLENE | J1012: =TOTAL!P19 -> HANG23214900 | K1012: =TOTAL!N19 -> 0 | L1012: =TOTAL!Q19 -> ONE
A1013: SIN | B1013: =TOTAL!E20 -> ONE | C1013: =TOTAL!F20 -> BMOU1505128 | D1013: =TOTAL!#REF! -> #REF! | E1013: =TOTAL!H20 -> 17-07-08 | F1013: =TOTAL!I20 -> F | G1013: =TOTAL!J20 -> 20DC | H1013: =TOTAL!K20 -> 22.25 | I1013: =TOTAL!L20 -> MOLYBDENUM OXIDES & HYDROXIDES (NON-FERROUS) | J1013: =TOTAL!P20 -> HANG24094900 | K1013: =TOTAL!N20 -> 0 | L1013: =TOTAL!Q20 -> ONE
A1014: SIN | B1014: =TOTAL!E21 -> ONE | C1014: =TOTAL!F21 -> ONEU1378856 | D1014: =TOTAL!#REF! -> #REF! | E1014: =TOTAL!H21 -> 18-02-84 | F1014: =TOTAL!I21 -> F | G1014: =TOTAL!J21 -> 40HC | H1014: =TOTAL!K21 -> 12.77303 | I1014: =TOTAL!L21 -> CONSOLIDATED CARGO | J1014: =TOTAL!P21 -> HANG25567800 | K1014: =TOTAL!N21 -> Lithium (Ion/Metal) & Sodium Ion Batteries - On Deck away from Heat | L1014: =TOTAL!Q21 -> ONE
A1015: SIN | B1015: =TOTAL!E22 -> ONE | C1015: =TOTAL!F22 -> TGBU3189110 | D1015: =TOTAL!#REF! -> #REF! | E1015: =TOTAL!H22 -> 27-01-10 | F1015: =TOTAL!I22 -> F | G1015: =TOTAL!J22 -> 20DC | H1015: =TOTAL!K22 -> 4.6824 | I1015: =TOTAL!L22 -> PARTS FOR ENGINES & MOTORS | J1015: =TOTAL!P22 -> HANG25918800 | K1015: =TOTAL!N22 -> 0 | L1015: =TOTAL!Q22 -> ONE
A1016: SIN | B1016: =TOTAL!E23 -> ONE | C1016: =TOTAL!F23 -> TLLU6119210 | D1016: =TOTAL!#REF! -> #REF! | E1016: =TOTAL!H23 -> 32-00-88 | F1016: =TOTAL!I23 -> F | G1016: =TOTAL!J23 -> 40DC | H1016: =TOTAL!K23 -> 6.33928 | I1016: =TOTAL!L23 -> ATHLETIC FOOTWEAR & SPORTS FOOTWEAR, OF TEXTILE MATERIALS | J1016: =TOTAL!P23 -> HANG25993400 | K1016: =TOTAL!N23 -> 0 | L1016: =TOTAL!Q23 -> ONE
A1017: SIN | B1017: =TOTAL!E24 -> ONE | C1017: =TOTAL!F24 -> ONEU1052936 | D1017: =TOTAL!#REF! -> #REF! | E1017: =TOTAL!H24 -> 06-08-86 | F1017: =TOTAL!I24 -> F | G1017: =TOTAL!J24 -> 40HC | H1017: =TOTAL!K24 -> 10.20531 | I1017: =TOTAL!L24 -> COATS, CAPES & CLOAKS FOR MEN & BOYS, OF COTTON, KNITTED OR CROCHETED | J1017: =TOTAL!P24 -> HANG27388400 | K1017: =TOTAL!N24 -> 0 | L1017: =TOTAL!Q24 -> ONE
A1018: SIN | B1018: =TOTAL!E25 -> ONE | C1018: =TOTAL!F25 -> TCKU7216918 | D1018: =TOTAL!#REF! -> #REF! | E1018: =TOTAL!H25 -> 06-06-88 | F1018: =TOTAL!I25 -> F | G1018: =TOTAL!J25 -> 40HC | H1018: =TOTAL!K25 -> 11.058 | I1018: =TOTAL!L25 -> LOCKS FOR MOTOR VEHICLES | J1018: =TOTAL!P25 -> HANG27903400 | K1018: =TOTAL!N25 -> 0 | L1018: =TOTAL!Q25 -> ONE
... A1069: SIN | B1069: =TOTAL!E76 -> ONE | C1069: =TOTAL!F76 -> TEMU0619270 | D1069: =TOTAL!#REF! -> #REF! | E1069: =TOTAL!H76 -> 17-06-06 | F1069: =TOTAL!I76 -> F | G1069: =TOTAL!J76 -> 20DC | H1069: =TOTAL!K76 -> 29.288 | I1069: =TOTAL!L76 -> CALCIUM CARBONATE | J1069: =TOTAL!P76 -> HANG31541400 | K1069: =TOTAL!N76 -> 0 | L1069: =TOTAL!Q76 -> ONE
A1070: SIN | B1070: =TOTAL!#REF! -> #REF! | C1070: =TOTAL!#REF! -> #REF! | D1070: =TOTAL!#REF! -> #REF! | E1070: =TOTAL!#REF! -> #REF! | F1070: =TOTAL!#REF! -> #REF! | G1070: =TOTAL!#REF! -> #REF! | H1070: =TOTAL!#REF! -> #REF! | I1070: =TOTAL!#REF! -> #REF! | ... L1070: =TOTAL!#REF! -> #REF!
A1071: SIN | B1071: =TOTAL!#REF! -> #REF! | C1071: =TOTAL!#REF! -> #REF! | D1071: =TOTAL!#REF! -> #REF! | E1071: =TOTAL!#REF! -> #REF! | F1071: =TOTAL!#REF! -> #REF! | G1071: =TOTAL!#REF! -> #REF! | H1071: =TOTAL!#REF! -> #REF! | I1071: =TOTAL!#REF! -> #REF! | ... L1071: =TOTAL!#REF! -> #REF!
A1072: SIN | B1072: =TOTAL!#REF! -> #REF! | C1072: =TOTAL!#REF! -> #REF! | D1072: =TOTAL!#REF! -> #REF! | E1072: =TOTAL!#REF! -> #REF! | F1072: =TOTAL!#REF! -> #REF! | G1072: =TOTAL!#REF! -> #REF! | H1072: =TOTAL!#REF! -> #REF! | I1072: =TOTAL!#REF! -> #REF! | ... L1072: =TOTAL!#REF! -> #REF!
A1073: SIN | B1073: =TOTAL!E77 -> ONE | C1073: =TOTAL!F77 -> TRHU1747319 | D1073: =TOTAL!#REF! -> #REF! | E1073: =TOTAL!H77 -> 17-00-02 | F1073: =TOTAL!I77 -> F | G1073: =TOTAL!J77 -> 20DC | H1073: =TOTAL!K77 -> 30.292 | I1073: =TOTAL!L77 -> CALCIUM CARBONATE | J1073: =TOTAL!P77 -> HANG31541400 | K1073: =TOTAL!N77 -> 0 | L1073: =TOTAL!Q77 -> ONE
A1074: SIN | B1074: =TOTAL!E78 -> ONE | C1074: =TOTAL!F78 -> CAAU2478636 | D1074: =TOTAL!#REF! -> #REF! | E1074: =TOTAL!H78 -> 17-00-04 | F1074: =TOTAL!I78 -> F | G1074: =TOTAL!J78 -> 20DC | H1074: =TOTAL!K78 -> 30.212 | I1074: =TOTAL!L78 -> PREPARED BINDERS FOR FOUNDRY MOULDS OR CORES; CHEMICAL PROD AND PREPARATIONS OF THE CHEMICAL OR ALLIED INDUSTRIES (INCLUDING CONSISTING OF MIXTURES OF NATURAL PROD) NOT ELSEWHERE SPECIFIED OR INCLUDED | J1074: =TOTAL!P78 -> HANG31830500 | K1074: =TOTAL!N78 -> 0 | L1074: =TOTAL!Q78 -> ONE
A1075: SIN | B1075: =TOTAL!#REF! -> #REF! | C1075: =TOTAL!#REF! -> #REF! | D1075: =TOTAL!#REF! -> #REF! | E1075: =TOTAL!#REF! -> #REF! | F1075: =TOTAL!#REF! -> #REF! | G1075: =TOTAL!#REF! -> #REF! | H1075: =TOTAL!#REF! -> #REF! | I1075: =TOTAL!#REF! -> #REF! | ... L1075: =TOTAL!#REF! -> #REF!
A1076: SIN | B1076: =TOTAL!#REF! -> #REF! | C1076: =TOTAL!#REF! -> #REF! | D1076: =TOTAL!#REF! -> #REF! | E1076: =TOTAL!#REF! -> #REF! | F1076: =TOTAL!#REF! -> #REF! | G1076: =TOTAL!#REF! -> #REF! | H1076: =TOTAL!#REF! -> #REF! | I1076: =TOTAL!#REF! -> #REF! | ... L1076: =TOTAL!#REF! -> #REF!
A1077: SIN | B1077: =TOTAL!#REF! -> #REF! | C1077: =TOTAL!#REF! -> #REF! | D1077: =TOTAL!#REF! -> #REF! | E1077: =TOTAL!#REF! -> #REF! | F1077: =TOTAL!#REF! -> #REF! | G1077: =TOTAL!#REF! -> #REF! | H1077: =TOTAL!#REF! -> #REF! | I1077: =TOTAL!#REF! -> #REF! | ... L1077: =TOTAL!#REF! -> #REF!
A1078: SIN | B1078: =TOTAL!E79 -> ONE | C1078: =TOTAL!F79 -> DRYU2555192 | D1078: =TOTAL!#REF! -> #REF! | E1078: =TOTAL!H79 -> 17-03-06 | F1078: =TOTAL!I79 -> F | G1078: =TOTAL!J79 -> 20DC | H1078: =TOTAL!K79 -> 30.312 | I1078: =TOTAL!L79 -> PREPARED BINDERS FOR FOUNDRY MOULDS OR CORES; CHEMICAL PROD AND PREPARATIONS OF THE CHEMICAL OR ALLIED INDUSTRIES (INCLUDING CONSISTING OF MIXTURES OF NATURAL PROD) NOT ELSEWHERE SPECIFIED OR INCLUDED | J1078: =TOTAL!P79 -> HANG31830500 | K1078: =TOTAL!N79 -> 0 | L1078: =TOTAL!Q79 -> ONE
A1079: SIN | B1079: =TOTAL!E80 -> ONE | C1079: =TOTAL!F80 -> ONEU2467238 | D1079: =TOTAL!#REF! -> #REF! | E1079: =TOTAL!H80 -> 17-04-04 | F1079: =TOTAL!I80 -> F | G1079: =TOTAL!J80 -> 20DC | H1079: =TOTAL!K80 -> 30.262 | I1079: =TOTAL!L80 -> PREPARED BINDERS FOR FOUNDRY MOULDS OR CORES; CHEMICAL PROD AND PREPARATIONS OF THE CHEMICAL OR ALLIED INDUSTRIES (INCLUDING CONSISTING OF MIXTURES OF NATURAL PROD) NOT ELSEWHERE SPECIFIED OR INCLUDED | J1079: =TOTAL!P80 -> HANG31830500 | K1079: =TOTAL!N80 -> 0 | L1079: =TOTAL!Q80 -> ONE
A1080: SIN | B1080: =TOTAL!E81 -> ONE | C1080: =TOTAL!F81 -> ONEU2685440 | D1080: =TOTAL!#REF! -> #REF! | E1080: =TOTAL!H81 -> 19-05-06 | F1080: =TOTAL!I81 -> F | G1080: =TOTAL!J81 -> 20DC | H1080: =TOTAL!K81 -> 30.312 | I1080: =TOTAL!L81 -> PREPARED BINDERS FOR FOUNDRY MOULDS OR CORES; CHEMICAL PROD AND PREPARATIONS OF THE CHEMICAL OR ALLIED INDUSTRIES (INCLUDING CONSISTING OF MIXTURES OF NATURAL PROD) NOT ELSEWHERE SPECIFIED OR INCLUDED | J1080: =TOTAL!P81 -> HANG31830500 | K1080: =TOTAL!N81 -> 0 | L1080: =TOTAL!Q81 -> ONE
A1081: SIN | B1081: =TOTAL!E82 -> ONE | C1081: =TOTAL!F82 -> ONEU3057053 | D1081: =TOTAL!#REF! -> #REF! | E1081: =TOTAL!H82 -> 17-08-04 | F1081: =TOTAL!I82 -> F | G1081: =TOTAL!J82 -> 20DC | H1081: =TOTAL!K82 -> 30.262 | I1081: =TOTAL!L82 -> PREPARED BINDERS FOR FOUNDRY MOULDS OR CORES; CHEMICAL PROD AND PREPARATIONS OF THE CHEMICAL OR ALLIED INDUSTRIES (INCLUDING CONSISTING OF MIXTURES OF NATURAL PROD) NOT ELSEWHERE SPECIFIED OR INCLUDED | J1081: =TOTAL!P82 -> HANG31830500 | K1081: =TOTAL!N82 -> 0 | L1081: =TOTAL!Q82 -> ONE
A1082: SIN | B1082: =TOTAL!E83 -> ONE | C1082: =TOTAL!F83 -> ONEU3068422 | D1082: =TOTAL!#REF! -> #REF! | E1082: =TOTAL!H83 -> 17-03-02 | F1082: =TOTAL!I83 -> F | G1082: =TOTAL!J83 -> 20DC | H1082: =TOTAL!K83 -> 30.262 | I1082: =TOTAL!L83 -> PREPARED BINDERS FOR FOUNDRY MOULDS OR CORES; CHEMICAL PROD AND PREPARATIONS OF THE CHEMICAL OR ALLIED INDUSTRIES (INCLUDING CONSISTING OF MIXTURES OF NATURAL PROD) NOT ELSEWHERE SPECIFIED OR INCLUDED | J1082: =TOTAL!P83 -> HANG31830500 | K1082: =TOTAL!N83 -> 0 | L1082: =TOTAL!Q83 -> ONE
A1083: SIN | B1083: =TOTAL!E84 -> ONE | C1083: =TOTAL!F84 -> TCLU3501745 | D1083: =TOTAL!#REF! -> #REF! | E1083: =TOTAL!H84 -> 17-07-04 | F1083: =TOTAL!I84 -> F | G1083: =TOTAL!J84 -> 20DC | H1083: =TOTAL!K84 -> 30.312 | I1083: =TOTAL!L84 -> PREPARED BINDERS FOR FOUNDRY MOULDS OR CORES; CHEMICAL PROD AND PREPARATIONS OF THE CHEMICAL OR ALLIED INDUSTRIES (INCLUDING CONSISTING OF MIXTURES OF NATURAL PROD) NOT ELSEWHERE SPECIFIED OR INCLUDED | J1083: =TOTAL!P84 -> HANG31830500 | K1083: =TOTAL!N84 -> 0 | L1083: =TOTAL!Q84 -> ONE
A1084: SIN | B1084: =TOTAL!E85 -> ONE | C1084: =TOTAL!F85 -> TCLU6874038 | D1084: =TOTAL!#REF! -> #REF! | E1084: =TOTAL!H85 -> 17-01-02 | F1084: =TOTAL!I85 -> F | G1084: =TOTAL!J85 -> 20DC | H1084: =TOTAL!K85 -> 30.312 | I1084: =TOTAL!L85 -> PREPARED BINDERS FOR FOUNDRY MOULDS OR CORES; CHEMICAL PROD AND PREPARATIONS OF THE CHEMICAL OR ALLIED INDUSTRIES (INCLUDING CONSISTING OF MIXTURES OF NATURAL PROD) NOT ELSEWHERE SPECIFIED OR INCLUDED | J1084: =TOTAL!P85 -> HANG31830500 | K1084: =TOTAL!N85 -> 0 | L1084: =TOTAL!Q85 -> ONE
A1085: SIN | B1085: =TOTAL!E86 -> ONE | C1085: =TOTAL!F86 -> TLLU6046936 | D1085: =TOTAL!#REF! -> #REF! | E1085: =TOTAL!H86 -> 26-09-84 | F1085: =TOTAL!I86 -> F | G1085: =TOTAL!J86 -> 40DC | H1085: =TOTAL!K86 -> 12.65849 | I1085: =TOTAL!L86 -> WEARING APPAREL & GARMENTS, OF FELT OR NON-WOVEN MATERIALS, NOT KNITTED OR CROCHETED | J1085: =TOTAL!P86 -> HANG32638500 | K1085: =TOTAL!N86 -> 0 | L1085: =TOTAL!Q86 -> ONE
A1086: SIN | B1086: =TOTAL!E87 -> ONE | C1086: =TOTAL!F87 -> TRHU8312600 | D1086: =TOTAL!#REF! -> #REF! | E1086: =TOTAL!H87 -> 18-03-82 | F1086: =TOTAL!I87 -> F | G1086: =TOTAL!J87 -> 40HC | H1086: =TOTAL!K87 -> 24.9366 | I1086: =TOTAL!L87 -> STAPLE FIBERS OF POLYESTER, NOT CARDED OR COMBED | J1086: =TOTAL!P87 -> HANG32937700 | K1086: =TOTAL!N87 -> 0 | L1086: =TOTAL!Q87 -> ONE
A1087: SIN | B1087: =TOTAL!E88 -> ONE | C1087: =TOTAL!F88 -> KKFU7918315 | D1087: =TOTAL!#REF! -> #REF! | E1087: =TOTAL!H88 -> 18-07-84 | F1087: =TOTAL!I88 -> F | G1087: =TOTAL!J88 -> 40HC | H1087: =TOTAL!K88 -> 11.579 | I1087: =TOTAL!L88 -> SPEAKER,MICRO/HEADPHONE,AMPLIFIER, OTHER | J1087: =TOTAL!P88 -> HANG32942300 | K1087: =TOTAL!N88 -> 0 | L1087: =TOTAL!Q88 -> ONE
A1088: SIN | B1088: =TOTAL!E89 -> ONE | C1088: =TOTAL!F89 -> ONEU1793815 | D1088: =TOTAL!#REF! -> #REF! | E1088: =TOTAL!H89 -> 06-06-86 | F1088: =TOTAL!I89 -> F | G1088: =TOTAL!J89 -> 40HC | H1088: =TOTAL!K89 -> 11.844 | I1088: =TOTAL!L89 -> SPEAKER,MICRO/HEADPHONE,AMPLIFIER, OTHER | J1088: =TOTAL!P89 -> HANG32953500 | K1088: =TOTAL!N89 -> 0 | L1088: =TOTAL!Q89 -> ONE
A1089: SIN | B1089: =TOTAL!E90 -> ONE | C1089: =TOTAL!F90 -> ONEU1929352 | D1089: =TOTAL!#REF! -> #REF! | E1089: =TOTAL!H90 -> 06-05-86 | F1089: =TOTAL!I90 -> F | G1089: =TOTAL!J90 -> 40HC | H1089: =TOTAL!K90 -> 10.93652 | I1089: =TOTAL!L90 -> ARTICLES OF PLASTICS & ACRYLIC, N.O.S. | J1089: =TOTAL!P90 -> HANG33112700 | K1089: =TOTAL!N90 -> 0 | L1089: =TOTAL!Q90 -> ONE
... A1102: SIN | B1102: =TOTAL!E103 -> ONE | C1102: =TOTAL!F103 -> GCXU5394851 | D1102: =TOTAL!#REF! -> #REF! | E1102: =TOTAL!H103 -> 26-05-08 | F1102: =TOTAL!I103 -> F | G1102: =TOTAL!J103 -> 40HC | H1102: =TOTAL!K103 -> 27.55 | I1102: =TOTAL!L103 -> BAGS & SACKS, OF PLASTICS, N.O.S. | J1102: =TOTAL!P103 -> HANG33917600 | K1102: =TOTAL!N103 -> 0 | L1102: =TOTAL!Q103 -> ONE
A1103: SIN | B1103: =TOTAL!#REF! -> #REF! | C1103: =TOTAL!#REF! -> #REF! | D1103: =TOTAL!#REF! -> #REF! | E1103: =TOTAL!#REF! -> #REF! | F1103: =TOTAL!#REF! -> #REF! | G1103: =TOTAL!#REF! -> #REF! | H1103: =TOTAL!#REF! -> #REF! | I1103: =TOTAL!#REF! -> #REF! | ... L1103: =TOTAL!#REF! -> #REF!
A1104: SIN | B1104: =TOTAL!#REF! -> #REF! | C1104: =TOTAL!#REF! -> #REF! | D1104: =TOTAL!#REF! -> #REF! | E1104: =TOTAL!#REF! -> #REF! | F1104: =TOTAL!#REF! -> #REF! | G1104: =TOTAL!#REF! -> #REF! | H1104: =TOTAL!#REF! -> #REF! | I1104: =TOTAL!#REF! -> #REF! | ... L1104: =TOTAL!#REF! -> #REF!
A1105: SIN | B1105: =TOTAL!E104 -> ONE | C1105: =TOTAL!F104 -> TRHU4980514 | D1105: =TOTAL!#REF! -> #REF! | E1105: =TOTAL!H104 -> 18-04-82 | F1105: =TOTAL!I104 -> F | G1105: =TOTAL!J104 -> 40HC | H1105: =TOTAL!K104 -> 29.97 | I1105: =TOTAL!L104 -> BAGS & SACKS, OF PLASTICS, N.O.S. | J1105: =TOTAL!P104 -> HANG33917600 | K1105: =TOTAL!N104 -> 0 | L1105: =TOTAL!Q104 -> ONE
A1106: SIN | B1106: =TOTAL!E105 -> ONE | C1106: =TOTAL!F105 -> KKFU9152722 | D1106: =TOTAL!#REF! -> #REF! | E1106: =TOTAL!H105 -> 06-07-88 | F1106: =TOTAL!I105 -> F | G1106: =TOTAL!J105 -> 45HC | H1106: =TOTAL!K105 -> 11.05795 | I1106: =TOTAL!L105 -> FOOTWEAR OF PLASTIC OR RUBBER, NOS | J1106: =TOTAL!P105 -> HANG33968500 | K1106: =TOTAL!N105 -> 0 | L1106: =TOTAL!Q105 -> ONE
A1107: SIN | B1107: =TOTAL!E106 -> ONE | C1107: =TOTAL!F106 -> FDCU0371850 | D1107: =TOTAL!#REF! -> #REF! | E1107: =TOTAL!H106 -> 18-05-86 | F1107: =TOTAL!I106 -> F | G1107: =TOTAL!J106 -> 40HC | H1107: =TOTAL!K106 -> 9.539 | I1107: =TOTAL!L106 -> FOOTWEAR, OF LEATHER | J1107: =TOTAL!P106 -> HANG34140900 | K1107: =TOTAL!N106 -> 0 | L1107: =TOTAL!Q106 -> ONE
A1108: SIN | B1108: =TOTAL!E107 -> ONE | C1108: =TOTAL!F107 -> FFAU6815976 | D1108: =TOTAL!#REF! -> #REF! | E1108: =TOTAL!H107 -> 18-07-86 | F1108: =TOTAL!I107 -> F | G1108: =TOTAL!J107 -> 40HC | H1108: =TOTAL!K107 -> 9.098 | I1108: =TOTAL!L107 -> FOOTWEAR, OF LEATHER | J1108: =TOTAL!P107 -> HANG34140900 | K1108: =TOTAL!N107 -> 0 | L1108: =TOTAL!Q107 -> ONE
A1109: SIN | B1109: =TOTAL!E108 -> ONE | C1109: =TOTAL!F108 -> GAOU6562829 | D1109: =TOTAL!#REF! -> #REF! | E1109: =TOTAL!H108 -> 18-03-88 | F1109: =TOTAL!I108 -> F | G1109: =TOTAL!J108 -> 40HC | H1109: =TOTAL!K108 -> 9.198 | I1109: =TOTAL!L108 -> FOOTWEAR, OF LEATHER | J1109: =TOTAL!P108 -> HANG34140900 | K1109: =TOTAL!N108 -> 0 | L1109: =TOTAL!Q108 -> ONE
A1110: SIN | B1110: =TOTAL!E109 -> ONE | C1110: =TOTAL!F109 -> ONEU1258594 | D1110: =TOTAL!#REF! -> #REF! | E1110: =TOTAL!H109 -> 18-07-88 | F1110: =TOTAL!I109 -> F | G1110: =TOTAL!J109 -> 40HC | H1110: =TOTAL!K109 -> 9.081 | I1110: =TOTAL!L109 -> FOOTWEAR, OF LEATHER | J1110: =TOTAL!P109 -> HANG34140900 | K1110: =TOTAL!N109 -> 0 | L1110: =TOTAL!Q109 -> ONE
A1111: SIN | B1111: =TOTAL!E110 -> ONE | C1111: =TOTAL!F110 -> ONEU1917412 | D1111: =TOTAL!#REF! -> #REF! | E1111: =TOTAL!H110 -> 18-02-88 | F1111: =TOTAL!I110 -> F | G1111: =TOTAL!J110 -> 40HC | H1111: =TOTAL!K110 -> 8.89 | I1111: =TOTAL!L110 -> FOOTWEAR, OF LEATHER | J1111: =TOTAL!P110 -> HANG34140900 | K1111: =TOTAL!N110 -> 0 | L1111: =TOTAL!Q110 -> ONE
A1112: SIN | B1112: =TOTAL!E111 -> ONE | C1112: =TOTAL!F111 -> TRHU8041767 | D1112: =TOTAL!#REF! -> #REF! | E1112: =TOTAL!H111 -> 26-02-88 | F1112: =TOTAL!I111 -> F | G1112: =TOTAL!J111 -> 40HC | H1112: =TOTAL!K111 -> 9.25 | I1112: =TOTAL!L111 -> FOOTWEAR, OF LEATHER | J1112: =TOTAL!P111 -> HANG34140900 | K1112: =TOTAL!N111 -> 0 | L1112: =TOTAL!Q111 -> ONE
A1113: SIN | B1113: =TOTAL!E112 -> ONE | C1113: =TOTAL!F112 -> KKFU9164997 | D1113: =TOTAL!#REF! -> #REF! | E1113: =TOTAL!H112 -> 06-07-84 | F1113: =TOTAL!I112 -> F | G1113: =TOTAL!J112 -> 45HC | H1113: =TOTAL!K112 -> 12.45958 | I1113: =TOTAL!L112 -> FOOTWEAR OF PLASTIC OR RUBBER, NOS | J1113: =TOTAL!P112 -> HANG34406700 | K1113: =TOTAL!N112 -> 0 | L1113: =TOTAL!Q112 -> ONE
A1114: SIN | B1114: =TOTAL!E113 -> ONE | C1114: =TOTAL!F113 -> ONEU7014321 | D1114: =TOTAL!#REF! -> #REF! | E1114: =TOTAL!H113 -> 06-07-86 | F1114: =TOTAL!I113 -> F | G1114: =TOTAL!J113 -> 45HC | H1114: =TOTAL!K113 -> 11.8889 | I1114: =TOTAL!L113 -> FOOTWEAR OF PLASTIC OR RUBBER, NOS | J1114: =TOTAL!P113 -> HANG34406700 | K1114: =TOTAL!N113 -> 0 | L1114: =TOTAL!Q113 -> ONE
A1115: SIN | B1115: =TOTAL!E114 -> ONE | C1115: =TOTAL!F114 -> ONEU2737539 | D1115: =TOTAL!#REF! -> #REF! | E1115: =TOTAL!H114 -> 27-01-82 | F1115: =TOTAL!I114 -> F | G1115: =TOTAL!J114 -> 20DC | H1115: =TOTAL!K114 -> 2.708 | I1115: =TOTAL!L114 -> FAK OR CARGO, NOS | J1115: =TOTAL!P114 -> HANG35116600 | K1115: =TOTAL!N114 -> 0 | L1115: =TOTAL!Q114 -> ONE
A1116: SIN | B1116: =TOTAL!E115 -> ONE | C1116: =TOTAL!F115 -> ONEU1553394 | D1116: =TOTAL!#REF! -> #REF! | E1116: =TOTAL!H115 -> 18-02-08 | F1116: =TOTAL!I115 -> F | G1116: =TOTAL!J115 -> 40HC | H1116: =TOTAL!K115 -> 31 | I1116: =TOTAL!L115 -> OTHER, WITH AT LEAST ONE OUTER PLY OF NONCONIFEROUS WOOD OF THE SPECIES ALDER (ALNUS SPP.), ASH (FRAXINUS SPP.), BEECH (FAGUS SPP.), BIRCH (BETULA SPP.), CHERRY (PRUNUS SPP.), CHESTNUT (CASTANEA SPP.) | J1116: =TOTAL!P115 -> HANG35208800 | K1116: =TOTAL!N115 -> 0 | L1116: =TOTAL!Q115 -> ONE
... A1120: SIN | B1120: =TOTAL!E119 -> ONE | C1120: =TOTAL!F119 -> BEAU5325623 | D1120: =TOTAL!#REF! -> #REF! | E1120: =TOTAL!H119 -> 26-05-88 | F1120: =TOTAL!I119 -> F | G1120: =TOTAL!J119 -> 40HC | H1120: =TOTAL!K119 -> 8.52585 | I1120: =TOTAL!L119 -> FOOTWEAR, OF TEXTILE MATERIALS | J1120: =TOTAL!P119 -> HANG35263900 | K1120: =TOTAL!N119 -> 0 | L1120: =TOTAL!Q119 -> ONE
A1121: SIN | B1121: =TOTAL!#REF! -> #REF! | C1121: =TOTAL!#REF! -> #REF! | D1121: =TOTAL!#REF! -> #REF! | E1121: =TOTAL!#REF! -> #REF! | F1121: =TOTAL!#REF! -> #REF! | G1121: =TOTAL!#REF! -> #REF! | H1121: =TOTAL!#REF! -> #REF! | I1121: =TOTAL!#REF! -> #REF! | ... L1121: =TOTAL!#REF! -> #REF!
A1122: SIN | B1122: =TOTAL!E120 -> ONE | C1122: =TOTAL!F120 -> GCXU5503839 | D1122: =TOTAL!#REF! -> #REF! | E1122: =TOTAL!H120 -> 26-03-88 | F1122: =TOTAL!I120 -> F | G1122: =TOTAL!J120 -> 40HC | H1122: =TOTAL!K120 -> 8.71793 | I1122: =TOTAL!L120 -> FOOTWEAR, OF TEXTILE MATERIALS | J1122: =TOTAL!P120 -> HANG35263900 | K1122: =TOTAL!N120 -> 0 | L1122: =TOTAL!Q120 -> ONE
A1123: SIN | B1123: =TOTAL!E121 -> ONE | C1123: =TOTAL!F121 -> ONEU0127060 | D1123: =TOTAL!#REF! -> #REF! | E1123: =TOTAL!H121 -> 26-07-88 | F1123: =TOTAL!I121 -> F | G1123: =TOTAL!J121 -> 40HC | H1123: =TOTAL!K121 -> 9.5305 | I1123: =TOTAL!L121 -> FOOTWEAR, OF TEXTILE MATERIALS | J1123: =TOTAL!P121 -> HANG35263900 | K1123: =TOTAL!N121 -> 0 | L1123: =TOTAL!Q121 -> ONE
A1124: SIN | B1124: =TOTAL!E122 -> ONE | C1124: =TOTAL!F122 -> ONEU1377778 | D1124: =TOTAL!#REF! -> #REF! | E1124: =TOTAL!H122 -> 26-09-86 | F1124: =TOTAL!I122 -> F | G1124: =TOTAL!J122 -> 40HC | H1124: =TOTAL!K122 -> 8.69702 | I1124: =TOTAL!L122 -> FOOTWEAR, OF TEXTILE MATERIALS | J1124: =TOTAL!P122 -> HANG35263900 | K1124: =TOTAL!N122 -> 0 | L1124: =TOTAL!Q122 -> ONE
A1125: SIN | B1125: =TOTAL!E123 -> ONE | C1125: =TOTAL!F123 -> ONEU5259644 | D1125: =TOTAL!#REF! -> #REF! | E1125: =TOTAL!H123 -> 26-03-86 | F1125: =TOTAL!I123 -> F | G1125: =TOTAL!J123 -> 40HC | H1125: =TOTAL!K123 -> 8.46547 | I1125: =TOTAL!L123 -> FOOTWEAR, OF TEXTILE MATERIALS | J1125: =TOTAL!P123 -> HANG35263900 | K1125: =TOTAL!N123 -> 0 | L1125: =TOTAL!Q123 -> ONE
A1126: SIN | B1126: =TOTAL!E124 -> ONE | C1126: =TOTAL!F124 -> ONEU6759916 | D1126: =TOTAL!#REF! -> #REF! | E1126: =TOTAL!H124 -> 26-09-88 | F1126: =TOTAL!I124 -> F | G1126: =TOTAL!J124 -> 40HC | H1126: =TOTAL!K124 -> 8.1071 | I1126: =TOTAL!L124 -> FOOTWEAR, OF TEXTILE MATERIALS | J1126: =TOTAL!P124 -> HANG35263900 | K1126: =TOTAL!N124 -> 0 | L1126: =TOTAL!Q124 -> ONE
...
