Workbook

Sheet BKTT T4.26
A1: CÔNG TY TNHH AMT PHÚC LỘC
A2: Địa chỉ: Số 56B/97 đường Đoàn Kết , P. Hải An, TP Hải Phòng
A4: BẢNG QUYẾT TOÁN PHÍ VẬN CHUYỂN THÁNG 04/2026
B5: KHÁCH HÀNG: CÔNG TY TNHH PAN HẢI AN
B6: ĐỊA CHỈ: | C6: Lô KB5, khu công nghiệp Nam Đình Vũ (Khu 1), thuộc Khu kinh tế Đình Vũ - Cát Hải, phường Đông Hải, thành phố Hải Phòng, Việt Nam
B7: MST : | C7: 0201815115
A9: STT | B9: Tuyến vận tải | D9: Đơn vị tính | E9: Loại cont | I9: Cộng Số lượng | J9: Đơn giá | K9: Thành tiền | L9: Ghi chú
E10: Hàng | G10: Vỏ
B11: Điểm đi | C11: Điểm đến | E11: 20' | F11: 40'
A12: 1 | B12: PAN HA | C12: HẢI AN | D12: Chuyến | E12: =SUMIFS('SL T4.26'!E$11:E$2017,'SL T4.26'!$J$11:$J$2017,'BKTT T4.26'!$B12,'SL T4.26'!$K$11:$K$2017,'BKTT T4.26'!$C12) -> 332 | F12: =SUMIFS('SL T4.26'!F$11:F$2017,'SL T4.26'!$J$11:$J$2017,'BKTT T4.26'!$B12,'SL T4.26'!$K$11:$K$2017,'BKTT T4.26'!$C12) -> 0 | G12: =SUMIFS('SL T4.26'!G$11:G$2017,'SL T4.26'!$J$11:$J$2017,'BKTT T4.26'!$B12,'SL T4.26'!$K$11:$K$2017,'BKTT T4.26'!$C12)+SUMIFS('SL T4.26'!H$11:H$2017,'SL T4.26'!$J$11:$J$2017,'BKTT T4.26'!$B12,'SL T4.26'!$K$11:$K$2017,'BKTT T4.26'!$C12) -> 0 | I12: =E12+F12+G12+H12 -> 332 | J12: =K12/I12 -> 654871 | K12: =SUMIFS('SL T4.26'!N$11:N$2017,'SL T4.26'!$J$11:$J$2017,'BKTT T4.26'!$B12,'SL T4.26'!$K$11:$K$2017,'BKTT T4.26'!$C12) -> 217417172 | N12: 654871 | O12: =J12-N12 -> 0 | Q12: hàng 20'
A13: 2 | B13: PAN HA | C13: HẢI AN, | D13: Chuyến | E13: =SUMIFS('SL T4.26'!E$11:E$2017,'SL T4.26'!$J$11:$J$2017,'BKTT T4.26'!$B13,'SL T4.26'!$K$11:$K$2017,'BKTT T4.26'!$C13) -> 0 | F13: =SUMIFS('SL T4.26'!F$11:F$2017,'SL T4.26'!$J$11:$J$2017,'BKTT T4.26'!$B13,'SL T4.26'!$K$11:$K$2017,'BKTT T4.26'!$C13) -> 239 | G13: =SUMIFS('SL T4.26'!G$11:G$2017,'SL T4.26'!$J$11:$J$2017,'BKTT T4.26'!$B13,'SL T4.26'!$K$11:$K$2017,'BKTT T4.26'!$C13)+SUMIFS('SL T4.26'!H$11:H$2017,'SL T4.26'!$J$11:$J$2017,'BKTT T4.26'!$B13,'SL T4.26'!$K$11:$K$2017,'BKTT T4.26'!$C13) -> 0 | I13: =E13+F13+G13+H13 -> 239 | J13: =K13/I13 -> 681050 | K13: =SUMIFS('SL T4.26'!N$11:N$2017,'SL T4.26'!$J$11:$J$2017,'BKTT T4.26'!$B13,'SL T4.26'!$K$11:$K$2017,'BKTT T4.26'!$C13) -> 162770950 | N13: 681050 | O13: =J13-N13 -> 0 | Q13: hàng 40'
A14: 3 | B14: PAN HA | C14: HẢI AN. | D14: Chuyến | E14: =SUMIFS('SL T4.26'!E$11:E$2017,'SL T4.26'!$J$11:$J$2017,'BKTT T4.26'!$B14,'SL T4.26'!$K$11:$K$2017,'BKTT T4.26'!$C14) -> 0 | F14: =SUMIFS('SL T4.26'!F$11:F$2017,'SL T4.26'!$J$11:$J$2017,'BKTT T4.26'!$B14,'SL T4.26'!$K$11:$K$2017,'BKTT T4.26'!$C14) -> 0 | G14: =SUMIFS('SL T4.26'!G$11:G$2017,'SL T4.26'!$J$11:$J$2017,'BKTT T4.26'!$B14,'SL T4.26'!$K$11:$K$2017,'BKTT T4.26'!$C14)+SUMIFS('SL T4.26'!H$11:H$2017,'SL T4.26'!$J$11:$J$2017,'BKTT T4.26'!$B14,'SL T4.26'!$K$11:$K$2017,'BKTT T4.26'!$C14) -> 139 | I14: =E14+F14+G14+H14 -> 139 | J14: =K14/I14 -> 628690 | K14: =SUMIFS('SL T4.26'!N$11:N$2017,'SL T4.26'!$J$11:$J$2017,'BKTT T4.26'!$B14,'SL T4.26'!$K$11:$K$2017,'BKTT T4.26'!$C14) -> 87387910 | N14: 628690 | O14: =J14-N14 -> 0 | Q14: Vỏ
A15: 4 | B15: PAN HA | C15: MPC | D15: Chuyến | E15: =SUMIFS('SL T4.26'!E$11:E$2017,'SL T4.26'!$J$11:$J$2017,'BKTT T4.26'!$B15,'SL T4.26'!$K$11:$K$2017,'BKTT T4.26'!$C15) -> 0 | F15: =SUMIFS('SL T4.26'!F$11:F$2017,'SL T4.26'!$J$11:$J$2017,'BKTT T4.26'!$B15,'SL T4.26'!$K$11:$K$2017,'BKTT T4.26'!$C15) -> 0 | G15: =SUMIFS('SL T4.26'!G$11:G$2017,'SL T4.26'!$J$11:$J$2017,'BKTT T4.26'!$B15,'SL T4.26'!$K$11:$K$2017,'BKTT T4.26'!$C15)+SUMIFS('SL T4.26'!H$11:H$2017,'SL T4.26'!$J$11:$J$2017,'BKTT T4.26'!$B15,'SL T4.26'!$K$11:$K$2017,'BKTT T4.26'!$C15) -> 0 | I15: =E15+F15+G15+H15 -> 0 | J15: =K15/I15 -> #DIV/0! | K15: =SUMIFS('SL T4.26'!N$11:N$2017,'SL T4.26'!$J$11:$J$2017,'BKTT T4.26'!$B15,'SL T4.26'!$K$11:$K$2017,'BKTT T4.26'!$C15) -> 0 | N15: 471611 | O15: =J15-N15 -> #DIV/0! | Q15: hàng 20'
A16: 5 | B16: PAN HA | C16: MPC, | D16: Chuyến | E16: =SUMIFS('SL T4.26'!E$11:E$2017,'SL T4.26'!$J$11:$J$2017,'BKTT T4.26'!$B16,'SL T4.26'!$K$11:$K$2017,'BKTT T4.26'!$C16) -> 0 | F16: =SUMIFS('SL T4.26'!F$11:F$2017,'SL T4.26'!$J$11:$J$2017,'BKTT T4.26'!$B16,'SL T4.26'!$K$11:$K$2017,'BKTT T4.26'!$C16) -> 0 | G16: =SUMIFS('SL T4.26'!G$11:G$2017,'SL T4.26'!$J$11:$J$2017,'BKTT T4.26'!$B16,'SL T4.26'!$K$11:$K$2017,'BKTT T4.26'!$C16)+SUMIFS('SL T4.26'!H$11:H$2017,'SL T4.26'!$J$11:$J$2017,'BKTT T4.26'!$B16,'SL T4.26'!$K$11:$K$2017,'BKTT T4.26'!$C16) -> 0 | I16: =E16+F16+G16+H16 -> 0 | J16: =K16/I16 -> #DIV/0! | K16: =SUMIFS('SL T4.26'!N$11:N$2017,'SL T4.26'!$J$11:$J$2017,'BKTT T4.26'!$B16,'SL T4.26'!$K$11:$K$2017,'BKTT T4.26'!$C16) -> 0 | N16: 506518 | O16: =J16-N16 -> #DIV/0! | Q16: hàng 40'
A17: 6 | B17: PAN HA | C17: MPC. | D17: Chuyến | E17: =SUMIFS('SL T4.26'!E$11:E$2017,'SL T4.26'!$J$11:$J$2017,'BKTT T4.26'!$B17,'SL T4.26'!$K$11:$K$2017,'BKTT T4.26'!$C17) -> 0 | F17: =SUMIFS('SL T4.26'!F$11:F$2017,'SL T4.26'!$J$11:$J$2017,'BKTT T4.26'!$B17,'SL T4.26'!$K$11:$K$2017,'BKTT T4.26'!$C17) -> 0 | G17: =SUMIFS('SL T4.26'!G$11:G$2017,'SL T4.26'!$J$11:$J$2017,'BKTT T4.26'!$B17,'SL T4.26'!$K$11:$K$2017,'BKTT T4.26'!$C17)+SUMIFS('SL T4.26'!H$11:H$2017,'SL T4.26'!$J$11:$J$2017,'BKTT T4.26'!$B17,'SL T4.26'!$K$11:$K$2017,'BKTT T4.26'!$C17) -> 3 | I17: =E17+F17+G17+H17 -> 3 | J17: =K17/I17 -> 480338 | K17: =SUMIFS('SL T4.26'!N$11:N$2017,'SL T4.26'!$J$11:$J$2017,'BKTT T4.26'!$B17,'SL T4.26'!$K$11:$K$2017,'BKTT T4.26'!$C17) -> 1441014 | N17: 480338 | O17: =J17-N17 -> 0 | Q17: Vỏ
A18: 7 | B18: PAN HA | C18: NDV | D18: Chuyến | E18: =SUMIFS('SL T4.26'!E$11:E$2017,'SL T4.26'!$J$11:$J$2017,'BKTT T4.26'!$B18,'SL T4.26'!$K$11:$K$2017,'BKTT T4.26'!$C18) -> 86 | F18: =SUMIFS('SL T4.26'!F$11:F$2017,'SL T4.26'!$J$11:$J$2017,'BKTT T4.26'!$B18,'SL T4.26'!$K$11:$K$2017,'BKTT T4.26'!$C18) -> 0 | G18: =SUMIFS('SL T4.26'!G$11:G$2017,'SL T4.26'!$J$11:$J$2017,'BKTT T4.26'!$B18,'SL T4.26'!$K$11:$K$2017,'BKTT T4.26'!$C18)+SUMIFS('SL T4.26'!H$11:H$2017,'SL T4.26'!$J$11:$J$2017,'BKTT T4.26'!$B18,'SL T4.26'!$K$11:$K$2017,'BKTT T4.26'!$C18) -> 0 | I18: =E18+F18+G18+H18 -> 86 | J18: =K18/I18 -> 454158 | K18: =SUMIFS('SL T4.26'!N$11:N$2017,'SL T4.26'!$J$11:$J$2017,'BKTT T4.26'!$B18,'SL T4.26'!$K$11:$K$2017,'BKTT T4.26'!$C18) -> 39057588 | N18: 454158 | O18: =J18-N18 -> 0 | Q18: hàng 20'
A19: 8 | B19: PAN HA | C19: NDV, | D19: Chuyến | E19: =SUMIFS('SL T4.26'!E$11:E$2017,'SL T4.26'!$J$11:$J$2017,'BKTT T4.26'!$B19,'SL T4.26'!$K$11:$K$2017,'BKTT T4.26'!$C19) -> 0 | F19: =SUMIFS('SL T4.26'!F$11:F$2017,'SL T4.26'!$J$11:$J$2017,'BKTT T4.26'!$B19,'SL T4.26'!$K$11:$K$2017,'BKTT T4.26'!$C19) -> 3 | G19: =SUMIFS('SL T4.26'!G$11:G$2017,'SL T4.26'!$J$11:$J$2017,'BKTT T4.26'!$B19,'SL T4.26'!$K$11:$K$2017,'BKTT T4.26'!$C19)+SUMIFS('SL T4.26'!H$11:H$2017,'SL T4.26'!$J$11:$J$2017,'BKTT T4.26'!$B19,'SL T4.26'!$K$11:$K$2017,'BKTT T4.26'!$C19) -> 0 | I19: =E19+F19+G19+H19 -> 3 | J19: =K19/I19 -> 489065 | K19: =SUMIFS('SL T4.26'!N$11:N$2017,'SL T4.26'!$J$11:$J$2017,'BKTT T4.26'!$B19,'SL T4.26'!$K$11:$K$2017,'BKTT T4.26'!$C19) -> 1467195 | N19: 489065 | O19: =J19-N19 -> 0 | Q19: hàng 40'
A20: 9 | B20: PAN HA | C20: NDV. | D20: Chuyến | E20: =SUMIFS('SL T4.26'!E$11:E$2017,'SL T4.26'!$J$11:$J$2017,'BKTT T4.26'!$B20,'SL T4.26'!$K$11:$K$2017,'BKTT T4.26'!$C20) -> 0 | F20: =SUMIFS('SL T4.26'!F$11:F$2017,'SL T4.26'!$J$11:$J$2017,'BKTT T4.26'!$B20,'SL T4.26'!$K$11:$K$2017,'BKTT T4.26'!$C20) -> 0 | G20: =SUMIFS('SL T4.26'!G$11:G$2017,'SL T4.26'!$J$11:$J$2017,'BKTT T4.26'!$B20,'SL T4.26'!$K$11:$K$2017,'BKTT T4.26'!$C20)+SUMIFS('SL T4.26'!H$11:H$2017,'SL T4.26'!$J$11:$J$2017,'BKTT T4.26'!$B20,'SL T4.26'!$K$11:$K$2017,'BKTT T4.26'!$C20) -> 0 | I20: =E20+F20+G20+H20 -> 0 | J20: =K20/I20 -> #DIV/0! | K20: =SUMIFS('SL T4.26'!N$11:N$2017,'SL T4.26'!$J$11:$J$2017,'BKTT T4.26'!$B20,'SL T4.26'!$K$11:$K$2017,'BKTT T4.26'!$C20) -> 0 | O20: =J20-N20 -> #DIV/0! | Q20: Vỏ
A21: 10 | B21: PAN HA | C21: HẢI MINH | D21: Chuyến | E21: =SUMIFS('SL T4.26'!E$11:E$2017,'SL T4.26'!$J$11:$J$2017,'BKTT T4.26'!$B21,'SL T4.26'!$K$11:$K$2017,'BKTT T4.26'!$C21) -> 0 | F21: =SUMIFS('SL T4.26'!F$11:F$2017,'SL T4.26'!$J$11:$J$2017,'BKTT T4.26'!$B21,'SL T4.26'!$K$11:$K$2017,'BKTT T4.26'!$C21) -> 0 | G21: =SUMIFS('SL T4.26'!G$11:G$2017,'SL T4.26'!$J$11:$J$2017,'BKTT T4.26'!$B21,'SL T4.26'!$K$11:$K$2017,'BKTT T4.26'!$C21)+SUMIFS('SL T4.26'!H$11:H$2017,'SL T4.26'!$J$11:$J$2017,'BKTT T4.26'!$B21,'SL T4.26'!$K$11:$K$2017,'BKTT T4.26'!$C21) -> 0 | I21: =E21+F21+G21+H21 -> 0 | J21: =K21/I21 -> #DIV/0! | K21: =SUMIFS('SL T4.26'!N$11:N$2017,'SL T4.26'!$J$11:$J$2017,'BKTT T4.26'!$B21,'SL T4.26'!$K$11:$K$2017,'BKTT T4.26'!$C21) -> 0 | L21: Chuyển bãi | O21: =J21-N21 -> #DIV/0! | Q21: Vỏ
A22: 11 | B22: PAN HA | C22: NHĐV | D22: Chuyến | E22: =SUMIFS('SL T4.26'!E$11:E$2017,'SL T4.26'!$J$11:$J$2017,'BKTT T4.26'!$B22,'SL T4.26'!$K$11:$K$2017,'BKTT T4.26'!$C22) -> 116 | F22: =SUMIFS('SL T4.26'!F$11:F$2017,'SL T4.26'!$J$11:$J$2017,'BKTT T4.26'!$B22,'SL T4.26'!$K$11:$K$2017,'BKTT T4.26'!$C22) -> 0 | G22: =SUMIFS('SL T4.26'!G$11:G$2017,'SL T4.26'!$J$11:$J$2017,'BKTT T4.26'!$B22,'SL T4.26'!$K$11:$K$2017,'BKTT T4.26'!$C22)+SUMIFS('SL T4.26'!H$11:H$2017,'SL T4.26'!$J$11:$J$2017,'BKTT T4.26'!$B22,'SL T4.26'!$K$11:$K$2017,'BKTT T4.26'!$C22) -> 0 | I22: =E22+F22+G22+H22 -> 116 | J22: =K22/I22 -> 576331 | K22: =SUMIFS('SL T4.26'!N$11:N$2017,'SL T4.26'!$J$11:$J$2017,'BKTT T4.26'!$B22,'SL T4.26'!$K$11:$K$2017,'BKTT T4.26'!$C22) -> 66854396 | N22: 576331 | O22: =J22-N22 -> 0 | Q22: hàng 20'
A23: 12 | B23: PAN HA | C23: NHĐV, | D23: Chuyến | E23: =SUMIFS('SL T4.26'!E$11:E$2017,'SL T4.26'!$J$11:$J$2017,'BKTT T4.26'!$B23,'SL T4.26'!$K$11:$K$2017,'BKTT T4.26'!$C23) -> 0 | F23: =SUMIFS('SL T4.26'!F$11:F$2017,'SL T4.26'!$J$11:$J$2017,'BKTT T4.26'!$B23,'SL T4.26'!$K$11:$K$2017,'BKTT T4.26'!$C23) -> 24 | G23: =SUMIFS('SL T4.26'!G$11:G$2017,'SL T4.26'!$J$11:$J$2017,'BKTT T4.26'!$B23,'SL T4.26'!$K$11:$K$2017,'BKTT T4.26'!$C23)+SUMIFS('SL T4.26'!H$11:H$2017,'SL T4.26'!$J$11:$J$2017,'BKTT T4.26'!$B23,'SL T4.26'!$K$11:$K$2017,'BKTT T4.26'!$C23) -> 0 | I23: =E23+F23+G23+H23 -> 24 | J23: =K23/I23 -> 602510 | K23: =SUMIFS('SL T4.26'!N$11:N$2017,'SL T4.26'!$J$11:$J$2017,'BKTT T4.26'!$B23,'SL T4.26'!$K$11:$K$2017,'BKTT T4.26'!$C23) -> 14460240 | N23: 602510 | O23: =J23-N23 -> 0 | Q23: hàng 40'
A24: 13 | B24: PAN HA | C24: NHĐV. | D24: Chuyến | E24: =SUMIFS('SL T4.26'!E$11:E$2017,'SL T4.26'!$J$11:$J$2017,'BKTT T4.26'!$B24,'SL T4.26'!$K$11:$K$2017,'BKTT T4.26'!$C24) -> 0 | F24: =SUMIFS('SL T4.26'!F$11:F$2017,'SL T4.26'!$J$11:$J$2017,'BKTT T4.26'!$B24,'SL T4.26'!$K$11:$K$2017,'BKTT T4.26'!$C24) -> 0 | G24: =SUMIFS('SL T4.26'!G$11:G$2017,'SL T4.26'!$J$11:$J$2017,'BKTT T4.26'!$B24,'SL T4.26'!$K$11:$K$2017,'BKTT T4.26'!$C24)+SUMIFS('SL T4.26'!H$11:H$2017,'SL T4.26'!$J$11:$J$2017,'BKTT T4.26'!$B24,'SL T4.26'!$K$11:$K$2017,'BKTT T4.26'!$C24) -> 0 | I24: =E24+F24+G24+H24 -> 0 | J24: =K24/I24 -> #DIV/0! | K24: =SUMIFS('SL T4.26'!N$11:N$2017,'SL T4.26'!$J$11:$J$2017,'BKTT T4.26'!$B24,'SL T4.26'!$K$11:$K$2017,'BKTT T4.26'!$C24) -> 0 | O24: =J24-N24 -> #DIV/0! | Q24: Vỏ
A25: 14 | B25: NHĐV | C25: PAN HA | D25: Chuyến | E25: =SUMIFS('SL T4.26'!E$11:E$2017,'SL T4.26'!$J$11:$J$2017,'BKTT T4.26'!$B25,'SL T4.26'!$K$11:$K$2017,'BKTT T4.26'!$C25) -> 0 | F25: =SUMIFS('SL T4.26'!F$11:F$2017,'SL T4.26'!$J$11:$J$2017,'BKTT T4.26'!$B25,'SL T4.26'!$K$11:$K$2017,'BKTT T4.26'!$C25) -> 0 | G25: =SUMIFS('SL T4.26'!G$11:G$2017,'SL T4.26'!$J$11:$J$2017,'BKTT T4.26'!$B25,'SL T4.26'!$K$11:$K$2017,'BKTT T4.26'!$C25)+SUMIFS('SL T4.26'!H$11:H$2017,'SL T4.26'!$J$11:$J$2017,'BKTT T4.26'!$B25,'SL T4.26'!$K$11:$K$2017,'BKTT T4.26'!$C25) -> 0 | I25: =E25+F25+G25+H25 -> 0 | J25: =K25/I25 -> #DIV/0! | K25: =SUMIFS('SL T4.26'!N$11:N$2017,'SL T4.26'!$J$11:$J$2017,'BKTT T4.26'!$B25,'SL T4.26'!$K$11:$K$2017,'BKTT T4.26'!$C25) -> 0 | L25: Chuyển bãi | O25: =J25-N25 -> #DIV/0! | Q25: hàng 20'
A26: 15 | B26: NHĐV, | C26: PAN HA | D26: Chuyến | E26: =SUMIFS('SL T4.26'!E$11:E$2017,'SL T4.26'!$J$11:$J$2017,'BKTT T4.26'!$B26,'SL T4.26'!$K$11:$K$2017,'BKTT T4.26'!$C26) -> 0 | F26: =SUMIFS('SL T4.26'!F$11:F$2017,'SL T4.26'!$J$11:$J$2017,'BKTT T4.26'!$B26,'SL T4.26'!$K$11:$K$2017,'BKTT T4.26'!$C26) -> 0 | G26: =SUMIFS('SL T4.26'!G$11:G$2017,'SL T4.26'!$J$11:$J$2017,'BKTT T4.26'!$B26,'SL T4.26'!$K$11:$K$2017,'BKTT T4.26'!$C26)+SUMIFS('SL T4.26'!H$11:H$2017,'SL T4.26'!$J$11:$J$2017,'BKTT T4.26'!$B26,'SL T4.26'!$K$11:$K$2017,'BKTT T4.26'!$C26) -> 0 | I26: =E26+F26+G26+H26 -> 0 | J26: =K26/I26 -> #DIV/0! | K26: =SUMIFS('SL T4.26'!N$11:N$2017,'SL T4.26'!$J$11:$J$2017,'BKTT T4.26'!$B26,'SL T4.26'!$K$11:$K$2017,'BKTT T4.26'!$C26) -> 0 | L26: Chuyển bãi | O26: =J26-N26 -> #DIV/0! | Q26: hàng 40'
A27: 16 | B27: NHĐV. | C27: PAN HA | D27: Chuyến | E27: =SUMIFS('SL T4.26'!E$11:E$2017,'SL T4.26'!$J$11:$J$2017,'BKTT T4.26'!$B27,'SL T4.26'!$K$11:$K$2017,'BKTT T4.26'!$C27) -> 0 | F27: =SUMIFS('SL T4.26'!F$11:F$2017,'SL T4.26'!$J$11:$J$2017,'BKTT T4.26'!$B27,'SL T4.26'!$K$11:$K$2017,'BKTT T4.26'!$C27) -> 0 | G27: =SUMIFS('SL T4.26'!G$11:G$2017,'SL T4.26'!$J$11:$J$2017,'BKTT T4.26'!$B27,'SL T4.26'!$K$11:$K$2017,'BKTT T4.26'!$C27)+SUMIFS('SL T4.26'!H$11:H$2017,'SL T4.26'!$J$11:$J$2017,'BKTT T4.26'!$B27,'SL T4.26'!$K$11:$K$2017,'BKTT T4.26'!$C27) -> 31 | I27: =E27+F27+G27+H27 -> 31 | J27: =K27/I27 -> 585057 | K27: =SUMIFS('SL T4.26'!N$11:N$2017,'SL T4.26'!$J$11:$J$2017,'BKTT T4.26'!$B27,'SL T4.26'!$K$11:$K$2017,'BKTT T4.26'!$C27) -> 18136767 | L27: Chuyển bãi | N27: 585057 | O27: =J27-N27 -> 0 | Q27: Vỏ
A28: 17 | B28: PAN HA | C28: PTSC | D28: Chuyến | E28: =SUMIFS('SL T4.26'!E$11:E$2017,'SL T4.26'!$J$11:$J$2017,'BKTT T4.26'!$B28,'SL T4.26'!$K$11:$K$2017,'BKTT T4.26'!$C28) -> 0 | F28: =SUMIFS('SL T4.26'!F$11:F$2017,'SL T4.26'!$J$11:$J$2017,'BKTT T4.26'!$B28,'SL T4.26'!$K$11:$K$2017,'BKTT T4.26'!$C28) -> 0 | G28: =SUMIFS('SL T4.26'!G$11:G$2017,'SL T4.26'!$J$11:$J$2017,'BKTT T4.26'!$B28,'SL T4.26'!$K$11:$K$2017,'BKTT T4.26'!$C28)+SUMIFS('SL T4.26'!H$11:H$2017,'SL T4.26'!$J$11:$J$2017,'BKTT T4.26'!$B28,'SL T4.26'!$K$11:$K$2017,'BKTT T4.26'!$C28) -> 0 | I28: =E28+F28+G28+H28 -> 0 | J28: =K28/I28 -> #DIV/0! | K28: =SUMIFS('SL T4.26'!N$11:N$2017,'SL T4.26'!$J$11:$J$2017,'BKTT T4.26'!$B28,'SL T4.26'!$K$11:$K$2017,'BKTT T4.26'!$C28) -> 0 | O28: =J28-N28 -> #DIV/0! | Q28: hàng 20'
A29: 18 | B29: PAN HA | C29: PTSC, | D29: Chuyến | E29: =SUMIFS('SL T4.26'!E$11:E$2017,'SL T4.26'!$J$11:$J$2017,'BKTT T4.26'!$B29,'SL T4.26'!$K$11:$K$2017,'BKTT T4.26'!$C29) -> 0 | F29: =SUMIFS('SL T4.26'!F$11:F$2017,'SL T4.26'!$J$11:$J$2017,'BKTT T4.26'!$B29,'SL T4.26'!$K$11:$K$2017,'BKTT T4.26'!$C29) -> 0 | G29: =SUMIFS('SL T4.26'!G$11:G$2017,'SL T4.26'!$J$11:$J$2017,'BKTT T4.26'!$B29,'SL T4.26'!$K$11:$K$2017,'BKTT T4.26'!$C29)+SUMIFS('SL T4.26'!H$11:H$2017,'SL T4.26'!$J$11:$J$2017,'BKTT T4.26'!$B29,'SL T4.26'!$K$11:$K$2017,'BKTT T4.26'!$C29) -> 0 | I29: =E29+F29+G29+H29 -> 0 | J29: =K29/I29 -> #DIV/0! | K29: =SUMIFS('SL T4.26'!N$11:N$2017,'SL T4.26'!$J$11:$J$2017,'BKTT T4.26'!$B29,'SL T4.26'!$K$11:$K$2017,'BKTT T4.26'!$C29) -> 0 | O29: =J29-N29 -> #DIV/0! | Q29: hàng 40'
A30: 19 | B30: PAN HA | C30: PTSC. | D30: Chuyến | E30: =SUMIFS('SL T4.26'!E$11:E$2017,'SL T4.26'!$J$11:$J$2017,'BKTT T4.26'!$B30,'SL T4.26'!$K$11:$K$2017,'BKTT T4.26'!$C30) -> 0 | F30: =SUMIFS('SL T4.26'!F$11:F$2017,'SL T4.26'!$J$11:$J$2017,'BKTT T4.26'!$B30,'SL T4.26'!$K$11:$K$2017,'BKTT T4.26'!$C30) -> 0 | G30: =SUMIFS('SL T4.26'!G$11:G$2017,'SL T4.26'!$J$11:$J$2017,'BKTT T4.26'!$B30,'SL T4.26'!$K$11:$K$2017,'BKTT T4.26'!$C30)+SUMIFS('SL T4.26'!H$11:H$2017,'SL T4.26'!$J$11:$J$2017,'BKTT T4.26'!$B30,'SL T4.26'!$K$11:$K$2017,'BKTT T4.26'!$C30) -> 0 | I30: =E30+F30+G30+H30 -> 0 | J30: =K30/I30 -> #DIV/0! | K30: =SUMIFS('SL T4.26'!N$11:N$2017,'SL T4.26'!$J$11:$J$2017,'BKTT T4.26'!$B30,'SL T4.26'!$K$11:$K$2017,'BKTT T4.26'!$C30) -> 0 | O30: =J30-N30 -> #DIV/0! | Q30: Vỏ
A31: 20 | B31: PAN HA | C31: TÂN VŨ | D31: Chuyến | E31: =SUMIFS('SL T4.26'!E$11:E$2017,'SL T4.26'!$J$11:$J$2017,'BKTT T4.26'!$B31,'SL T4.26'!$K$11:$K$2017,'BKTT T4.26'!$C31) -> 9 | F31: =SUMIFS('SL T4.26'!F$11:F$2017,'SL T4.26'!$J$11:$J$2017,'BKTT T4.26'!$B31,'SL T4.26'!$K$11:$K$2017,'BKTT T4.26'!$C31) -> 0 | G31: =SUMIFS('SL T4.26'!G$11:G$2017,'SL T4.26'!$J$11:$J$2017,'BKTT T4.26'!$B31,'SL T4.26'!$K$11:$K$2017,'BKTT T4.26'!$C31)+SUMIFS('SL T4.26'!H$11:H$2017,'SL T4.26'!$J$11:$J$2017,'BKTT T4.26'!$B31,'SL T4.26'!$K$11:$K$2017,'BKTT T4.26'!$C31) -> 0 | I31: =E31+F31+G31+H31 -> 9 | J31: =K31/I31 -> 593784 | K31: =SUMIFS('SL T4.26'!N$11:N$2017,'SL T4.26'!$J$11:$J$2017,'BKTT T4.26'!$B31,'SL T4.26'!$K$11:$K$2017,'BKTT T4.26'!$C31) -> 5344056 | N31: 593784 | O31: =J31-N31 -> 0 | Q31: hàng 20'
A32: 21 | B32: PAN HA | C32: TÂN VŨ, | D32: Chuyến | E32: =SUMIFS('SL T4.26'!E$11:E$2017,'SL T4.26'!$J$11:$J$2017,'BKTT T4.26'!$B32,'SL T4.26'!$K$11:$K$2017,'BKTT T4.26'!$C32) -> 0 | F32: =SUMIFS('SL T4.26'!F$11:F$2017,'SL T4.26'!$J$11:$J$2017,'BKTT T4.26'!$B32,'SL T4.26'!$K$11:$K$2017,'BKTT T4.26'!$C32) -> 0 | G32: =SUMIFS('SL T4.26'!G$11:G$2017,'SL T4.26'!$J$11:$J$2017,'BKTT T4.26'!$B32,'SL T4.26'!$K$11:$K$2017,'BKTT T4.26'!$C32)+SUMIFS('SL T4.26'!H$11:H$2017,'SL T4.26'!$J$11:$J$2017,'BKTT T4.26'!$B32,'SL T4.26'!$K$11:$K$2017,'BKTT T4.26'!$C32) -> 0 | I32: =E32+F32+G32+H32 -> 0 | J32: =K32/I32 -> #DIV/0! | K32: =SUMIFS('SL T4.26'!N$11:N$2017,'SL T4.26'!$J$11:$J$2017,'BKTT T4.26'!$B32,'SL T4.26'!$K$11:$K$2017,'BKTT T4.26'!$C32) -> 0 | O32: =J32-N32 -> #DIV/0! | Q32: hàng 40'
A33: 22 | B33: PAN HA | C33: TÂN VŨ. | D33: Chuyến | E33: =SUMIFS('SL T4.26'!E$11:E$2017,'SL T4.26'!$J$11:$J$2017,'BKTT T4.26'!$B33,'SL T4.26'!$K$11:$K$2017,'BKTT T4.26'!$C33) -> 0 | F33: =SUMIFS('SL T4.26'!F$11:F$2017,'SL T4.26'!$J$11:$J$2017,'BKTT T4.26'!$B33,'SL T4.26'!$K$11:$K$2017,'BKTT T4.26'!$C33) -> 0 | G33: =SUMIFS('SL T4.26'!G$11:G$2017,'SL T4.26'!$J$11:$J$2017,'BKTT T4.26'!$B33,'SL T4.26'!$K$11:$K$2017,'BKTT T4.26'!$C33)+SUMIFS('SL T4.26'!H$11:H$2017,'SL T4.26'!$J$11:$J$2017,'BKTT T4.26'!$B33,'SL T4.26'!$K$11:$K$2017,'BKTT T4.26'!$C33) -> 2 | I33: =E33+F33+G33+H33 -> 2 | J33: =K33/I33 -> 576331 | K33: =SUMIFS('SL T4.26'!N$11:N$2017,'SL T4.26'!$J$11:$J$2017,'BKTT T4.26'!$B33,'SL T4.26'!$K$11:$K$2017,'BKTT T4.26'!$C33) -> 1152662 | N33: 576331 | O33: =J33-N33 -> 0 | Q33: Vỏ
A34: 23 | B34: PAN HA | C34: ĐÌNH VŨ | D34: Chuyến | E34: =SUMIFS('SL T4.26'!E$11:E$2017,'SL T4.26'!$J$11:$J$2017,'BKTT T4.26'!$B34,'SL T4.26'!$K$11:$K$2017,'BKTT T4.26'!$C34) -> 0 | F34: =SUMIFS('SL T4.26'!F$11:F$2017,'SL T4.26'!$J$11:$J$2017,'BKTT T4.26'!$B34,'SL T4.26'!$K$11:$K$2017,'BKTT T4.26'!$C34) -> 0 | G34: =SUMIFS('SL T4.26'!G$11:G$2017,'SL T4.26'!$J$11:$J$2017,'BKTT T4.26'!$B34,'SL T4.26'!$K$11:$K$2017,'BKTT T4.26'!$C34)+SUMIFS('SL T4.26'!H$11:H$2017,'SL T4.26'!$J$11:$J$2017,'BKTT T4.26'!$B34,'SL T4.26'!$K$11:$K$2017,'BKTT T4.26'!$C34) -> 0 | I34: =E34+F34+G34+H34 -> 0 | J34: =K34/I34 -> #DIV/0! | K34: =SUMIFS('SL T4.26'!N$11:N$2017,'SL T4.26'!$J$11:$J$2017,'BKTT T4.26'!$B34,'SL T4.26'!$K$11:$K$2017,'BKTT T4.26'!$C34) -> 0 | O34: =J34-N34 -> #DIV/0! | Q34: hàng 20'
A35: 24 | B35: PAN HA | C35: ĐÌNH VŨ, | D35: Chuyến | E35: =SUMIFS('SL T4.26'!E$11:E$2017,'SL T4.26'!$J$11:$J$2017,'BKTT T4.26'!$B35,'SL T4.26'!$K$11:$K$2017,'BKTT T4.26'!$C35) -> 0 | F35: =SUMIFS('SL T4.26'!F$11:F$2017,'SL T4.26'!$J$11:$J$2017,'BKTT T4.26'!$B35,'SL T4.26'!$K$11:$K$2017,'BKTT T4.26'!$C35) -> 0 | G35: =SUMIFS('SL T4.26'!G$11:G$2017,'SL T4.26'!$J$11:$J$2017,'BKTT T4.26'!$B35,'SL T4.26'!$K$11:$K$2017,'BKTT T4.26'!$C35)+SUMIFS('SL T4.26'!H$11:H$2017,'SL T4.26'!$J$11:$J$2017,'BKTT T4.26'!$B35,'SL T4.26'!$K$11:$K$2017,'BKTT T4.26'!$C35) -> 0 | I35: =E35+F35+G35+H35 -> 0 | J35: =K35/I35 -> #DIV/0! | K35: =SUMIFS('SL T4.26'!N$11:N$2017,'SL T4.26'!$J$11:$J$2017,'BKTT T4.26'!$B35,'SL T4.26'!$K$11:$K$2017,'BKTT T4.26'!$C35) -> 0 | O35: =J35-N35 -> #DIV/0! | Q35: hàng 40'
A36: 25 | B36: PAN HA | C36: ĐÌNH VŨ. | D36: Chuyến | E36: =SUMIFS('SL T4.26'!E$11:E$2017,'SL T4.26'!$J$11:$J$2017,'BKTT T4.26'!$B36,'SL T4.26'!$K$11:$K$2017,'BKTT T4.26'!$C36) -> 0 | F36: =SUMIFS('SL T4.26'!F$11:F$2017,'SL T4.26'!$J$11:$J$2017,'BKTT T4.26'!$B36,'SL T4.26'!$K$11:$K$2017,'BKTT T4.26'!$C36) -> 0 | G36: =SUMIFS('SL T4.26'!G$11:G$2017,'SL T4.26'!$J$11:$J$2017,'BKTT T4.26'!$B36,'SL T4.26'!$K$11:$K$2017,'BKTT T4.26'!$C36)+SUMIFS('SL T4.26'!H$11:H$2017,'SL T4.26'!$J$11:$J$2017,'BKTT T4.26'!$B36,'SL T4.26'!$K$11:$K$2017,'BKTT T4.26'!$C36) -> 0 | I36: =E36+F36+G36+H36 -> 0 | J36: =K36/I36 -> #DIV/0! | K36: =SUMIFS('SL T4.26'!N$11:N$2017,'SL T4.26'!$J$11:$J$2017,'BKTT T4.26'!$B36,'SL T4.26'!$K$11:$K$2017,'BKTT T4.26'!$C36) -> 0 | O36: =J36-N36 -> #DIV/0! | Q36: Vỏ
A37: 26 | B37: PAN HA | C37: VIMC | D37: Chuyến | E37: =SUMIFS('SL T4.26'!E$11:E$2017,'SL T4.26'!$J$11:$J$2017,'BKTT T4.26'!$B37,'SL T4.26'!$K$11:$K$2017,'BKTT T4.26'!$C37) -> 0 | F37: =SUMIFS('SL T4.26'!F$11:F$2017,'SL T4.26'!$J$11:$J$2017,'BKTT T4.26'!$B37,'SL T4.26'!$K$11:$K$2017,'BKTT T4.26'!$C37) -> 0 | G37: =SUMIFS('SL T4.26'!G$11:G$2017,'SL T4.26'!$J$11:$J$2017,'BKTT T4.26'!$B37,'SL T4.26'!$K$11:$K$2017,'BKTT T4.26'!$C37)+SUMIFS('SL T4.26'!H$11:H$2017,'SL T4.26'!$J$11:$J$2017,'BKTT T4.26'!$B37,'SL T4.26'!$K$11:$K$2017,'BKTT T4.26'!$C37) -> 0 | I37: =E37+F37+G37+H37 -> 0 | J37: =K37/I37 -> #DIV/0! | K37: =SUMIFS('SL T4.26'!N$11:N$2017,'SL T4.26'!$J$11:$J$2017,'BKTT T4.26'!$B37,'SL T4.26'!$K$11:$K$2017,'BKTT T4.26'!$C37) -> 0 | O37: =J37-N37 -> #DIV/0! | Q37: hàng 20'
A38: 27 | B38: PAN HA | C38: VIP | D38: Chuyến | E38: =SUMIFS('SL T4.26'!E$11:E$2017,'SL T4.26'!$J$11:$J$2017,'BKTT T4.26'!$B38,'SL T4.26'!$K$11:$K$2017,'BKTT T4.26'!$C38) -> 51 | F38: =SUMIFS('SL T4.26'!F$11:F$2017,'SL T4.26'!$J$11:$J$2017,'BKTT T4.26'!$B38,'SL T4.26'!$K$11:$K$2017,'BKTT T4.26'!$C38) -> 0 | G38: =SUMIFS('SL T4.26'!G$11:G$2017,'SL T4.26'!$J$11:$J$2017,'BKTT T4.26'!$B38,'SL T4.26'!$K$11:$K$2017,'BKTT T4.26'!$C38)+SUMIFS('SL T4.26'!H$11:H$2017,'SL T4.26'!$J$11:$J$2017,'BKTT T4.26'!$B38,'SL T4.26'!$K$11:$K$2017,'BKTT T4.26'!$C38) -> 0 | I38: =E38+F38+G38+H38 -> 51 | J38: =K38/I38 -> 576331 | K38: =SUMIFS('SL T4.26'!N$11:N$2017,'SL T4.26'!$J$11:$J$2017,'BKTT T4.26'!$B38,'SL T4.26'!$K$11:$K$2017,'BKTT T4.26'!$C38) -> 29392881 | N38: 576331 | O38: =J38-N38 -> 0 | Q38: hàng 20'
A39: 28 | B39: PAN HA | C39: VIP, | D39: Chuyến | E39: =SUMIFS('SL T4.26'!E$11:E$2017,'SL T4.26'!$J$11:$J$2017,'BKTT T4.26'!$B39,'SL T4.26'!$K$11:$K$2017,'BKTT T4.26'!$C39) -> 0 | F39: =SUMIFS('SL T4.26'!F$11:F$2017,'SL T4.26'!$J$11:$J$2017,'BKTT T4.26'!$B39,'SL T4.26'!$K$11:$K$2017,'BKTT T4.26'!$C39) -> 20 | G39: =SUMIFS('SL T4.26'!G$11:G$2017,'SL T4.26'!$J$11:$J$2017,'BKTT T4.26'!$B39,'SL T4.26'!$K$11:$K$2017,'BKTT T4.26'!$C39)+SUMIFS('SL T4.26'!H$11:H$2017,'SL T4.26'!$J$11:$J$2017,'BKTT T4.26'!$B39,'SL T4.26'!$K$11:$K$2017,'BKTT T4.26'!$C39) -> 0 | I39: =E39+F39+G39+H39 -> 20 | J39: =K39/I39 -> 602510 | K39: =SUMIFS('SL T4.26'!N$11:N$2017,'SL T4.26'!$J$11:$J$2017,'BKTT T4.26'!$B39,'SL T4.26'!$K$11:$K$2017,'BKTT T4.26'!$C39) -> 12050200 | N39: 602510 | O39: =J39-N39 -> 0 | Q39: hàng 40'
A40: 29 | B40: PAN HA | C40: VIP. | D40: Chuyến | E40: =SUMIFS('SL T4.26'!E$11:E$2017,'SL T4.26'!$J$11:$J$2017,'BKTT T4.26'!$B40,'SL T4.26'!$K$11:$K$2017,'BKTT T4.26'!$C40) -> 0 | F40: =SUMIFS('SL T4.26'!F$11:F$2017,'SL T4.26'!$J$11:$J$2017,'BKTT T4.26'!$B40,'SL T4.26'!$K$11:$K$2017,'BKTT T4.26'!$C40) -> 0 | G40: =SUMIFS('SL T4.26'!G$11:G$2017,'SL T4.26'!$J$11:$J$2017,'BKTT T4.26'!$B40,'SL T4.26'!$K$11:$K$2017,'BKTT T4.26'!$C40)+SUMIFS('SL T4.26'!H$11:H$2017,'SL T4.26'!$J$11:$J$2017,'BKTT T4.26'!$B40,'SL T4.26'!$K$11:$K$2017,'BKTT T4.26'!$C40) -> 15 | I40: =E40+F40+G40+H40 -> 15 | J40: =K40/I40 -> 550151 | K40: =SUMIFS('SL T4.26'!N$11:N$2017,'SL T4.26'!$J$11:$J$2017,'BKTT T4.26'!$B40,'SL T4.26'!$K$11:$K$2017,'BKTT T4.26'!$C40) -> 8252265 | N40: 550151 | O40: =J40-N40 -> 0 | Q40: Vỏ
A41: 30 | B41: PAN HA | C41: ICD NH | D41: Chuyến | E41: =SUMIFS('SL T4.26'!E$11:E$2017,'SL T4.26'!$J$11:$J$2017,'BKTT T4.26'!$B41,'SL T4.26'!$K$11:$K$2017,'BKTT T4.26'!$C41) -> 0 | F41: =SUMIFS('SL T4.26'!F$11:F$2017,'SL T4.26'!$J$11:$J$2017,'BKTT T4.26'!$B41,'SL T4.26'!$K$11:$K$2017,'BKTT T4.26'!$C41) -> 0 | G41: =SUMIFS('SL T4.26'!G$11:G$2017,'SL T4.26'!$J$11:$J$2017,'BKTT T4.26'!$B41,'SL T4.26'!$K$11:$K$2017,'BKTT T4.26'!$C41)+SUMIFS('SL T4.26'!H$11:H$2017,'SL T4.26'!$J$11:$J$2017,'BKTT T4.26'!$B41,'SL T4.26'!$K$11:$K$2017,'BKTT T4.26'!$C41) -> 0 | I41: =E41+F41+G41+H41 -> 0 | J41: =K41/I41 -> #DIV/0! | K41: =SUMIFS('SL T4.26'!N$11:N$2017,'SL T4.26'!$J$11:$J$2017,'BKTT T4.26'!$B41,'SL T4.26'!$K$11:$K$2017,'BKTT T4.26'!$C41) -> 0 | O41: =J41-N41 -> #DIV/0! | Q41: hàng 20'
A42: 31 | B42: PAN HA | C42: ICD NH, | D42: Chuyến | E42: =SUMIFS('SL T4.26'!E$11:E$2017,'SL T4.26'!$J$11:$J$2017,'BKTT T4.26'!$B42,'SL T4.26'!$K$11:$K$2017,'BKTT T4.26'!$C42) -> 0 | F42: =SUMIFS('SL T4.26'!F$11:F$2017,'SL T4.26'!$J$11:$J$2017,'BKTT T4.26'!$B42,'SL T4.26'!$K$11:$K$2017,'BKTT T4.26'!$C42) -> 0 | G42: =SUMIFS('SL T4.26'!G$11:G$2017,'SL T4.26'!$J$11:$J$2017,'BKTT T4.26'!$B42,'SL T4.26'!$K$11:$K$2017,'BKTT T4.26'!$C42)+SUMIFS('SL T4.26'!H$11:H$2017,'SL T4.26'!$J$11:$J$2017,'BKTT T4.26'!$B42,'SL T4.26'!$K$11:$K$2017,'BKTT T4.26'!$C42) -> 0 | I42: =E42+F42+G42+H42 -> 0 | J42: =K42/I42 -> #DIV/0! | K42: =SUMIFS('SL T4.26'!N$11:N$2017,'SL T4.26'!$J$11:$J$2017,'BKTT T4.26'!$B42,'SL T4.26'!$K$11:$K$2017,'BKTT T4.26'!$C42) -> 0 | O42: =J42-N42 -> #DIV/0! | Q42: hàng 40'
A43: 32 | B43: HẢI AN | C43: PAN HA | D43: Chuyến | E43: =SUMIFS('SL T4.26'!E$11:E$2017,'SL T4.26'!$J$11:$J$2017,'BKTT T4.26'!$B43,'SL T4.26'!$K$11:$K$2017,'BKTT T4.26'!$C43) -> 0 | F43: =SUMIFS('SL T4.26'!F$11:F$2017,'SL T4.26'!$J$11:$J$2017,'BKTT T4.26'!$B43,'SL T4.26'!$K$11:$K$2017,'BKTT T4.26'!$C43) -> 0 | G43: =SUMIFS('SL T4.26'!G$11:G$2017,'SL T4.26'!$J$11:$J$2017,'BKTT T4.26'!$B43,'SL T4.26'!$K$11:$K$2017,'BKTT T4.26'!$C43)+SUMIFS('SL T4.26'!H$11:H$2017,'SL T4.26'!$J$11:$J$2017,'BKTT T4.26'!$B43,'SL T4.26'!$K$11:$K$2017,'BKTT T4.26'!$C43) -> 0 | I43: =E43+F43+G43+H43 -> 0 | J43: =K43/I43 -> #DIV/0! | K43: =SUMIFS('SL T4.26'!N$11:N$2017,'SL T4.26'!$J$11:$J$2017,'BKTT T4.26'!$B43,'SL T4.26'!$K$11:$K$2017,'BKTT T4.26'!$C43) -> 0 | L43: Chuyển bãi | O43: =J43-N43 -> #DIV/0! | Q43: Vỏ
A44: 33 | B44: HẢI AN. | C44: PAN HA | D44: Chuyến | E44: =SUMIFS('SL T4.26'!E$11:E$2017,'SL T4.26'!$J$11:$J$2017,'BKTT T4.26'!$B44,'SL T4.26'!$K$11:$K$2017,'BKTT T4.26'!$C44) -> 0 | F44: =SUMIFS('SL T4.26'!F$11:F$2017,'SL T4.26'!$J$11:$J$2017,'BKTT T4.26'!$B44,'SL T4.26'!$K$11:$K$2017,'BKTT T4.26'!$C44) -> 0 | G44: =SUMIFS('SL T4.26'!G$11:G$2017,'SL T4.26'!$J$11:$J$2017,'BKTT T4.26'!$B44,'SL T4.26'!$K$11:$K$2017,'BKTT T4.26'!$C44)+SUMIFS('SL T4.26'!H$11:H$2017,'SL T4.26'!$J$11:$J$2017,'BKTT T4.26'!$B44,'SL T4.26'!$K$11:$K$2017,'BKTT T4.26'!$C44) -> 0 | I44: =E44+F44+G44+H44 -> 0 | J44: =K44/I44 -> #DIV/0! | K44: =SUMIFS('SL T4.26'!N$11:N$2017,'SL T4.26'!$J$11:$J$2017,'BKTT T4.26'!$B44,'SL T4.26'!$K$11:$K$2017,'BKTT T4.26'!$C44) -> 0 | L44: Nhập tàu | O44: =J44-N44 -> #DIV/0! | Q44: Hàng 20'
A45: 34 | B45: PAN HA | C45: HATECO | D45: Chuyến | E45: =SUMIFS('SL T4.26'!E$11:E$2017,'SL T4.26'!$J$11:$J$2017,'BKTT T4.26'!$B45,'SL T4.26'!$K$11:$K$2017,'BKTT T4.26'!$C45) -> 0 | F45: =SUMIFS('SL T4.26'!F$11:F$2017,'SL T4.26'!$J$11:$J$2017,'BKTT T4.26'!$B45,'SL T4.26'!$K$11:$K$2017,'BKTT T4.26'!$C45) -> 0 | G45: =SUMIFS('SL T4.26'!G$11:G$2017,'SL T4.26'!$J$11:$J$2017,'BKTT T4.26'!$B45,'SL T4.26'!$K$11:$K$2017,'BKTT T4.26'!$C45)+SUMIFS('SL T4.26'!H$11:H$2017,'SL T4.26'!$J$11:$J$2017,'BKTT T4.26'!$B45,'SL T4.26'!$K$11:$K$2017,'BKTT T4.26'!$C45) -> 0 | I45: =E45+F45+G45+H45 -> 0 | J45: =K45/I45 -> #DIV/0! | K45: =SUMIFS('SL T4.26'!N$11:N$2017,'SL T4.26'!$J$11:$J$2017,'BKTT T4.26'!$B45,'SL T4.26'!$K$11:$K$2017,'BKTT T4.26'!$C45) -> 0 | L45: Chuyển bãi | O45: =J45-N45 -> #DIV/0! | Q45: Vỏ
A46: 35 | B46: HATECO | C46: PAN HA | D46: Chuyến | E46: =SUMIFS('SL T4.26'!E$11:E$2017,'SL T4.26'!$J$11:$J$2017,'BKTT T4.26'!$B46,'SL T4.26'!$K$11:$K$2017,'BKTT T4.26'!$C46) -> 0 | F46: =SUMIFS('SL T4.26'!F$11:F$2017,'SL T4.26'!$J$11:$J$2017,'BKTT T4.26'!$B46,'SL T4.26'!$K$11:$K$2017,'BKTT T4.26'!$C46) -> 0 | G46: =SUMIFS('SL T4.26'!G$11:G$2017,'SL T4.26'!$J$11:$J$2017,'BKTT T4.26'!$B46,'SL T4.26'!$K$11:$K$2017,'BKTT T4.26'!$C46)+SUMIFS('SL T4.26'!H$11:H$2017,'SL T4.26'!$J$11:$J$2017,'BKTT T4.26'!$B46,'SL T4.26'!$K$11:$K$2017,'BKTT T4.26'!$C46) -> 99 | I46: =E46+F46+G46+H46 -> 99 | J46: =K46/I46 -> 1002400 | K46: =SUMIFS('SL T4.26'!N$11:N$2017,'SL T4.26'!$J$11:$J$2017,'BKTT T4.26'!$B46,'SL T4.26'!$K$11:$K$2017,'BKTT T4.26'!$C46) -> 99237600 | L46: Chuyển bãi | N46: 1002400 | O46: =J46-N46 -> 0 | Q46: Vỏ
A47: 36 | B47: HICT | C47: PAN HA | D47: Chuyến | E47: =SUMIFS('SL T4.26'!E$11:E$2017,'SL T4.26'!$J$11:$J$2017,'BKTT T4.26'!$B47,'SL T4.26'!$K$11:$K$2017,'BKTT T4.26'!$C47) -> 0 | F47: =SUMIFS('SL T4.26'!F$11:F$2017,'SL T4.26'!$J$11:$J$2017,'BKTT T4.26'!$B47,'SL T4.26'!$K$11:$K$2017,'BKTT T4.26'!$C47) -> 0 | G47: =SUMIFS('SL T4.26'!G$11:G$2017,'SL T4.26'!$J$11:$J$2017,'BKTT T4.26'!$B47,'SL T4.26'!$K$11:$K$2017,'BKTT T4.26'!$C47)+SUMIFS('SL T4.26'!H$11:H$2017,'SL T4.26'!$J$11:$J$2017,'BKTT T4.26'!$B47,'SL T4.26'!$K$11:$K$2017,'BKTT T4.26'!$C47) -> 0 | I47: =E47+F47+G47+H47 -> 0 | J47: =K47/I47 -> #DIV/0! | K47: =SUMIFS('SL T4.26'!N$11:N$2017,'SL T4.26'!$J$11:$J$2017,'BKTT T4.26'!$B47,'SL T4.26'!$K$11:$K$2017,'BKTT T4.26'!$C47) -> 0 | L47: Chuyển bãi | O47: =J47-N47 -> #DIV/0! | Q47: Vỏ
A48: 37 | B48: ĐÌNH VŨ | C48: PAN HA | D48: Chuyến | E48: =SUMIFS('SL T4.26'!E$11:E$2017,'SL T4.26'!$J$11:$J$2017,'BKTT T4.26'!$B48,'SL T4.26'!$K$11:$K$2017,'BKTT T4.26'!$C48) -> 0 | F48: =SUMIFS('SL T4.26'!F$11:F$2017,'SL T4.26'!$J$11:$J$2017,'BKTT T4.26'!$B48,'SL T4.26'!$K$11:$K$2017,'BKTT T4.26'!$C48) -> 0 | G48: =SUMIFS('SL T4.26'!G$11:G$2017,'SL T4.26'!$J$11:$J$2017,'BKTT T4.26'!$B48,'SL T4.26'!$K$11:$K$2017,'BKTT T4.26'!$C48)+SUMIFS('SL T4.26'!H$11:H$2017,'SL T4.26'!$J$11:$J$2017,'BKTT T4.26'!$B48,'SL T4.26'!$K$11:$K$2017,'BKTT T4.26'!$C48) -> 0 | I48: =E48+F48+G48+H48 -> 0 | J48: =K48/I48 -> #DIV/0! | K48: =SUMIFS('SL T4.26'!N$11:N$2017,'SL T4.26'!$J$11:$J$2017,'BKTT T4.26'!$B48,'SL T4.26'!$K$11:$K$2017,'BKTT T4.26'!$C48) -> 0 | L48: Chuyển bãi | O48: =J48-N48 -> #DIV/0! | Q48: Vỏ
A49: 38 | B49: NĐV | C49: PAN HA | D49: Chuyến | E49: =SUMIFS('SL T4.26'!E$11:E$2017,'SL T4.26'!$J$11:$J$2017,'BKTT T4.26'!$B49,'SL T4.26'!$K$11:$K$2017,'BKTT T4.26'!$C49) -> 0 | F49: =SUMIFS('SL T4.26'!F$11:F$2017,'SL T4.26'!$J$11:$J$2017,'BKTT T4.26'!$B49,'SL T4.26'!$K$11:$K$2017,'BKTT T4.26'!$C49) -> 0 | G49: =SUMIFS('SL T4.26'!G$11:G$2017,'SL T4.26'!$J$11:$J$2017,'BKTT T4.26'!$B49,'SL T4.26'!$K$11:$K$2017,'BKTT T4.26'!$C49)+SUMIFS('SL T4.26'!H$11:H$2017,'SL T4.26'!$J$11:$J$2017,'BKTT T4.26'!$B49,'SL T4.26'!$K$11:$K$2017,'BKTT T4.26'!$C49) -> 0 | I49: =E49+F49+G49+H49 -> 0 | J49: =K49/I49 -> #DIV/0! | K49: =SUMIFS('SL T4.26'!N$11:N$2017,'SL T4.26'!$J$11:$J$2017,'BKTT T4.26'!$B49,'SL T4.26'!$K$11:$K$2017,'BKTT T4.26'!$C49) -> 0 | L49: Chuyển bãi | O49: =J49-N49 -> #DIV/0! | Q49: Vỏ
A50: 39 | B50: NĐV | C50: PAN, | D50: Chuyến | E50: =SUMIFS('SL T4.26'!E$11:E$2017,'SL T4.26'!$J$11:$J$2017,'BKTT T4.26'!$B50,'SL T4.26'!$K$11:$K$2017,'BKTT T4.26'!$C50) -> 0 | F50: =SUMIFS('SL T4.26'!F$11:F$2017,'SL T4.26'!$J$11:$J$2017,'BKTT T4.26'!$B50,'SL T4.26'!$K$11:$K$2017,'BKTT T4.26'!$C50) -> 0 | G50: =SUMIFS('SL T4.26'!G$11:G$2017,'SL T4.26'!$J$11:$J$2017,'BKTT T4.26'!$B50,'SL T4.26'!$K$11:$K$2017,'BKTT T4.26'!$C50)+SUMIFS('SL T4.26'!H$11:H$2017,'SL T4.26'!$J$11:$J$2017,'BKTT T4.26'!$B50,'SL T4.26'!$K$11:$K$2017,'BKTT T4.26'!$C50) -> 0 | I50: =E50+F50+G50+H50 -> 0 | J50: =K50/I50 -> #DIV/0! | K50: =SUMIFS('SL T4.26'!N$11:N$2017,'SL T4.26'!$J$11:$J$2017,'BKTT T4.26'!$B50,'SL T4.26'!$K$11:$K$2017,'BKTT T4.26'!$C50) -> 0 | L50: Chuyển bãi | O50: =J50-N50 -> #DIV/0! | Q50: hàng 20'
A51: 40 | B51: MIPEC | C51: PAN. | D51: Chuyến | E51: =SUMIFS('SL T4.26'!E$11:E$2017,'SL T4.26'!$J$11:$J$2017,'BKTT T4.26'!$B51,'SL T4.26'!$K$11:$K$2017,'BKTT T4.26'!$C51) -> 0 | F51: =SUMIFS('SL T4.26'!F$11:F$2017,'SL T4.26'!$J$11:$J$2017,'BKTT T4.26'!$B51,'SL T4.26'!$K$11:$K$2017,'BKTT T4.26'!$C51) -> 0 | G51: =SUMIFS('SL T4.26'!G$11:G$2017,'SL T4.26'!$J$11:$J$2017,'BKTT T4.26'!$B51,'SL T4.26'!$K$11:$K$2017,'BKTT T4.26'!$C51)+SUMIFS('SL T4.26'!H$11:H$2017,'SL T4.26'!$J$11:$J$2017,'BKTT T4.26'!$B51,'SL T4.26'!$K$11:$K$2017,'BKTT T4.26'!$C51) -> 0 | I51: =E51+F51+G51+H51 -> 0 | J51: =K51/I51 -> #DIV/0! | K51: =SUMIFS('SL T4.26'!N$11:N$2017,'SL T4.26'!$J$11:$J$2017,'BKTT T4.26'!$B51,'SL T4.26'!$K$11:$K$2017,'BKTT T4.26'!$C51) -> 0 | L51: Chuyển bãi | O51: =J51-N51 -> #DIV/0! | Q51: Vỏ
A52: 41 | B52: MIPEC | C52: PAN, | D52: Chuyến | E52: =SUMIFS('SL T4.26'!E$11:E$2017,'SL T4.26'!$J$11:$J$2017,'BKTT T4.26'!$B52,'SL T4.26'!$K$11:$K$2017,'BKTT T4.26'!$C52) -> 0 | F52: =SUMIFS('SL T4.26'!F$11:F$2017,'SL T4.26'!$J$11:$J$2017,'BKTT T4.26'!$B52,'SL T4.26'!$K$11:$K$2017,'BKTT T4.26'!$C52) -> 0 | G52: =SUMIFS('SL T4.26'!G$11:G$2017,'SL T4.26'!$J$11:$J$2017,'BKTT T4.26'!$B52,'SL T4.26'!$K$11:$K$2017,'BKTT T4.26'!$C52)+SUMIFS('SL T4.26'!H$11:H$2017,'SL T4.26'!$J$11:$J$2017,'BKTT T4.26'!$B52,'SL T4.26'!$K$11:$K$2017,'BKTT T4.26'!$C52) -> 0 | I52: =E52+F52+G52+H52 -> 0 | J52: =K52/I52 -> #DIV/0! | K52: =SUMIFS('SL T4.26'!N$11:N$2017,'SL T4.26'!$J$11:$J$2017,'BKTT T4.26'!$B52,'SL T4.26'!$K$11:$K$2017,'BKTT T4.26'!$C52) -> 0 | O52: =J52-N52 -> #DIV/0! | Q52: hàng 20'
A53: 42 | B53: PTSC | C53: PAN HA | D53: Chuyến | E53: =SUMIFS('SL T4.26'!E$11:E$2017,'SL T4.26'!$J$11:$J$2017,'BKTT T4.26'!$B53,'SL T4.26'!$K$11:$K$2017,'BKTT T4.26'!$C53) -> 0 | F53: =SUMIFS('SL T4.26'!F$11:F$2017,'SL T4.26'!$J$11:$J$2017,'BKTT T4.26'!$B53,'SL T4.26'!$K$11:$K$2017,'BKTT T4.26'!$C53) -> 0 | G53: =SUMIFS('SL T4.26'!G$11:G$2017,'SL T4.26'!$J$11:$J$2017,'BKTT T4.26'!$B53,'SL T4.26'!$K$11:$K$2017,'BKTT T4.26'!$C53)+SUMIFS('SL T4.26'!H$11:H$2017,'SL T4.26'!$J$11:$J$2017,'BKTT T4.26'!$B53,'SL T4.26'!$K$11:$K$2017,'BKTT T4.26'!$C53) -> 0 | I53: =E53+F53+G53+H53 -> 0 | J53: =K53/I53 -> #DIV/0! | K53: =SUMIFS('SL T4.26'!N$11:N$2017,'SL T4.26'!$J$11:$J$2017,'BKTT T4.26'!$B53,'SL T4.26'!$K$11:$K$2017,'BKTT T4.26'!$C53) -> 0 | L53: Chuyển bãi | O53: =J53-N53 -> #DIV/0! | Q53: Vỏ
A54: 43 | B54: ĐV | C54: PAN HA | D54: Chuyến | E54: =SUMIFS('SL T4.26'!E$11:E$2017,'SL T4.26'!$J$11:$J$2017,'BKTT T4.26'!$B54,'SL T4.26'!$K$11:$K$2017,'BKTT T4.26'!$C54) -> 0 | F54: =SUMIFS('SL T4.26'!F$11:F$2017,'SL T4.26'!$J$11:$J$2017,'BKTT T4.26'!$B54,'SL T4.26'!$K$11:$K$2017,'BKTT T4.26'!$C54) -> 0 | G54: =SUMIFS('SL T4.26'!G$11:G$2017,'SL T4.26'!$J$11:$J$2017,'BKTT T4.26'!$B54,'SL T4.26'!$K$11:$K$2017,'BKTT T4.26'!$C54)+SUMIFS('SL T4.26'!H$11:H$2017,'SL T4.26'!$J$11:$J$2017,'BKTT T4.26'!$B54,'SL T4.26'!$K$11:$K$2017,'BKTT T4.26'!$C54) -> 0 | I54: =E54+F54+G54+H54 -> 0 | J54: =K54/I54 -> #DIV/0! | K54: =SUMIFS('SL T4.26'!N$11:N$2017,'SL T4.26'!$J$11:$J$2017,'BKTT T4.26'!$B54,'SL T4.26'!$K$11:$K$2017,'BKTT T4.26'!$C54) -> 0 | L54: Chuyển bãi | O54: =J54-N54 -> #DIV/0! | Q54: Vỏ
A56: TỔNG CƯỚC CHƯA VAT | E56: =SUM(E12:E55) -> 594 | F56: =SUM(F12:F55) -> 286 | G56: =SUM(G12:G55) -> 289 | H56: =SUM(H12:H55) -> 0 | I56: =E56+F56+G56+H56 -> 1169 | K56: =SUM(K12:K55) -> 764422896 | N56: =K56='SL T4.26'!N11 -> TRUE
A57: THUẾ GTGT 8% | K57: =ROUND(K56*0.08,0) -> 61153832 | N57: =K56-'SL T4.26'!N11 -> 0
A58: TỔNG CƯỚC ĐÃ CÓ VAT | K58: =+K56+K57 -> 825576728
B59: Bằng chữ: | C59: =Sheet2!B7 -> Tám trăm hai mươi lăm triệu năm trăm bảy mươi sáu nghìn bảy trăm hai mươi tám đồng./.
J60: Hải Phòng, ngày 30 tháng 04 năm 2025
C61: XÁC NHẬN BÊN THUÊ VẬN CHUYỂN | J61: XÁC NHẬN BÊN VẬN CHUYỂN

Sheet SL T4.26
A1: CÔNG TY TNHH AMT PHÚC LỘC
A2: Số nhà 56B/97 đường Đoàn Kết,Phường Hải An, TP Hải Phòng
A3: MST: 0201965047
A5: BẢNG KÊ QUYẾT TOÁN CƯỚC VẬN CHUYỂN THÁNG 04/2026
A6: Từ ngày 26/03/2026 đến ngày 25/04/2026
A7: KHÁCH HÀNG: | C7: CÔNG TY TNHH PAN HẢI AN
A8: Công ty TNHH AMT Phúc Lộc xin gửi tới Quý Công ty bảng kê quyết toán vận tải như sau: | R8: . BKS:
R9: tuyến đường
A10: STT | B10: NGÀY ĐI | C10: CHỦ HÀNG | D10: SỐCONTAINER | E10: F20' | F10: F40' | G10: E20' | H10: E40' | I10: SỐ XE CHẠY | J10: ĐIỂM ĐI | K10: ĐIỂM ĐẾN | L10: SỐ CHUYẾN | M10: CƯỚC CHUYẾN | N10: TỔNG TT | O10: TÁC NGHIỆP | P10: GHI CHÚ | R10: Cước vận chuyển Container | S10: -
E11: =SUBTOTAL(9,E12:E2022) -> 594 | F11: =SUBTOTAL(9,F12:F2022) -> 286 | G11: =SUBTOTAL(9,G12:G2022) -> 38 | H11: =SUBTOTAL(9,H12:H2022) -> 251 | L11: =SUBTOTAL(9,L12:L2022) -> 1169 | N11: =SUBTOTAL(9,N12:N1218) -> 764422896 | R11: Nội dung HĐ | S11: Hàng 20' | T11: Hàng 40' | U11: Vỏ | V11: Ký hiệu cước
A12: 1 | B12: 46107 | C12: PAN | D12: OBLU3323816 | E12: 1 | I12: 15C17442 | J12: PAN HA | K12: NDV | L12: =E12+F12+G12+H12 -> 1 | M12: {=INDEX('BKTT T4.26'!$N$12:$N$55,MATCH(V12,'BKTT T4.26'!$A$12:$A$55,0),0)} -> 454158 | N12: =L12*M12 -> 454158 | O12: XUAT TAU | P12: oke | R12: =$R$10&S12&$R$9&J12&$S$10&K12&$R$8&I12 -> Cước vận chuyển Container hàng 20' tuyến đường PAN HA - NDV. BKS: 15C17442 | S12: =IF(E12=1," hàng 20' ",IF(F12=1," hàng 40' "," vỏ ")) -> hàng 20' | V12: 7
A13: 2 | B13: 46107 | C13: PAN | D13: OBLU8819244 | F13: 1 | I13: 15C17442 | J13: PAN HA | K13: NDV, | L13: =E13+F13+G13+H13 -> 1 | M13: {=INDEX('BKTT T4.26'!$N$12:$N$55,MATCH(V13,'BKTT T4.26'!$A$12:$A$55,0),0)} -> 489065 | N13: =L13*M13 -> 489065 | O13: XUAT TAU | P13: oke | R13: =$R$10&S13&$R$9&J13&$S$10&K13&$R$8&I13 -> Cước vận chuyển Container hàng 40' tuyến đường PAN HA - NDV,. BKS: 15C17442 | S13: =IF(E13=1," hàng 20' ",IF(F13=1," hàng 40' "," vỏ ")) -> hàng 40' | V13: 8
A14: 3 | B14: 46107 | C14: PAN | D14: HAMU1331878 | H14: 1 | I14: 15C17442 | J14: HATECO | K14: PAN HA | L14: =E14+F14+G14+H14 -> 1 | M14: {=INDEX('BKTT T4.26'!$N$12:$N$55,MATCH(V14,'BKTT T4.26'!$A$12:$A$55,0),0)} -> 1002400 | N14: =L14*M14 -> 1002400 | O14: CHUYEN BAI | P14: oke | R14: =$R$10&S14&$R$9&J14&$S$10&K14&$R$8&I14 -> Cước vận chuyển Container vỏ tuyến đường HATECO - PAN HA. BKS: 15C17442 | S14: =IF(E14=1," hàng 20' ",IF(F14=1," hàng 40' "," vỏ ")) -> vỏ | V14: 35
A15: 4 | B15: 46107 | C15: PAN | D15: MRSU5143968 | H15: 1 | I15: 15H07644 | J15: HATECO | K15: PAN HA | L15: =E15+F15+G15+H15 -> 1 | M15: {=INDEX('BKTT T4.26'!$N$12:$N$55,MATCH(V15,'BKTT T4.26'!$A$12:$A$55,0),0)} -> 1002400 | N15: =L15*M15 -> 1002400 | O15: CHUYEN BAI | P15: oke | R15: =$R$10&S15&$R$9&J15&$S$10&K15&$R$8&I15 -> Cước vận chuyển Container vỏ tuyến đường HATECO - PAN HA. BKS: 15H07644 | S15: =IF(E15=1," hàng 20' ",IF(F15=1," hàng 40' "," vỏ ")) -> vỏ | V15: 35
A16: 5 | B16: 46107 | C16: PAN | D16: HASU4838528 | H16: 1 | I16: 15H07644 | J16: HATECO | K16: PAN HA | L16: =E16+F16+G16+H16 -> 1 | M16: {=INDEX('BKTT T4.26'!$N$12:$N$55,MATCH(V16,'BKTT T4.26'!$A$12:$A$55,0),0)} -> 1002400 | N16: =L16*M16 -> 1002400 | O16: CHUYEN BAI | P16: oke | R16: =$R$10&S16&$R$9&J16&$S$10&K16&$R$8&I16 -> Cước vận chuyển Container vỏ tuyến đường HATECO - PAN HA. BKS: 15H07644 | S16: =IF(E16=1," hàng 20' ",IF(F16=1," hàng 40' "," vỏ ")) -> vỏ | V16: 35
A17: 6 | B17: 46107 | C17: PAN | D17: MRKU2870533 | H17: 1 | I17: 15H07788 | J17: HATECO | K17: PAN HA | L17: =E17+F17+G17+H17 -> 1 | M17: {=INDEX('BKTT T4.26'!$N$12:$N$55,MATCH(V17,'BKTT T4.26'!$A$12:$A$55,0),0)} -> 1002400 | N17: =L17*M17 -> 1002400 | O17: CHUYEN BAI | P17: oke | R17: =$R$10&S17&$R$9&J17&$S$10&K17&$R$8&I17 -> Cước vận chuyển Container vỏ tuyến đường HATECO - PAN HA. BKS: 15H07788 | S17: =IF(E17=1," hàng 20' ",IF(F17=1," hàng 40' "," vỏ ")) -> vỏ | V17: 35
A18: 7 | B18: 46108 | C18: PAN | D18: SEKU1786449 | E18: 1 | I18: 15H12925 | J18: PAN HA | K18: HẢI AN | L18: =E18+F18+G18+H18 -> 1 | M18: {=INDEX('BKTT T4.26'!$N$12:$N$55,MATCH(V18,'BKTT T4.26'!$A$12:$A$55,0),0)} -> 654871 | N18: =L18*M18 -> 654871 | O18: XUAT TAU | P18: oke | R18: =$R$10&S18&$R$9&J18&$S$10&K18&$R$8&I18 -> Cước vận chuyển Container hàng 20' tuyến đường PAN HA - HẢI AN. BKS: 15H12925 | S18: =IF(E18=1," hàng 20' ",IF(F18=1," hàng 40' "," vỏ ")) -> hàng 20' | V18: 1
A19: 8 | B19: 46108 | C19: PAN | D19: HACU4222377 | F19: 1 | I19: 15H12925 | J19: PAN HA | K19: HẢI AN, | L19: =E19+F19+G19+H19 -> 1 | M19: {=INDEX('BKTT T4.26'!$N$12:$N$55,MATCH(V19,'BKTT T4.26'!$A$12:$A$55,0),0)} -> 681050 | N19: =L19*M19 -> 681050 | O19: XUAT TAU | P19: oke | R19: =$R$10&S19&$R$9&J19&$S$10&K19&$R$8&I19 -> Cước vận chuyển Container hàng 40' tuyến đường PAN HA - HẢI AN,. BKS: 15H12925 | S19: =IF(E19=1," hàng 20' ",IF(F19=1," hàng 40' "," vỏ ")) -> hàng 40' | V19: 2
A20: 9 | B20: 46108 | C20: PAN | D20: HACU4180414 | F20: 1 | I20: 15H12925 | J20: PAN HA | K20: HẢI AN, | L20: =E20+F20+G20+H20 -> 1 | M20: {=INDEX('BKTT T4.26'!$N$12:$N$55,MATCH(V20,'BKTT T4.26'!$A$12:$A$55,0),0)} -> 681050 | N20: =L20*M20 -> 681050 | O20: XUAT TAU | P20: oke | R20: =$R$10&S20&$R$9&J20&$S$10&K20&$R$8&I20 -> Cước vận chuyển Container hàng 40' tuyến đường PAN HA - HẢI AN,. BKS: 15H12925 | S20: =IF(E20=1," hàng 20' ",IF(F20=1," hàng 40' "," vỏ ")) -> hàng 40' | V20: 2
A21: 10 | B21: 46108 | C21: PAN | D21: SELU4506256 | F21: 1 | I21: 15H12925 | J21: PAN HA | K21: HẢI AN, | L21: =E21+F21+G21+H21 -> 1 | M21: {=INDEX('BKTT T4.26'!$N$12:$N$55,MATCH(V21,'BKTT T4.26'!$A$12:$A$55,0),0)} -> 681050 | N21: =L21*M21 -> 681050 | O21: XUAT TAU | P21: oke | R21: =$R$10&S21&$R$9&J21&$S$10&K21&$R$8&I21 -> Cước vận chuyển Container hàng 40' tuyến đường PAN HA - HẢI AN,. BKS: 15H12925 | S21: =IF(E21=1," hàng 20' ",IF(F21=1," hàng 40' "," vỏ ")) -> hàng 40' | V21: 2
A22: 11 | B22: 46108 | C22: PAN | D22: DFSU2824836 | E22: 1 | I22: 15H07524 | J22: PAN HA | K22: HẢI AN | L22: =E22+F22+G22+H22 -> 1 | M22: {=INDEX('BKTT T4.26'!$N$12:$N$55,MATCH(V22,'BKTT T4.26'!$A$12:$A$55,0),0)} -> 654871 | N22: =L22*M22 -> 654871 | O22: XUAT TAU | P22: oke | R22: =$R$10&S22&$R$9&J22&$S$10&K22&$R$8&I22 -> Cước vận chuyển Container hàng 20' tuyến đường PAN HA - HẢI AN. BKS: 15H07524 | S22: =IF(E22=1," hàng 20' ",IF(F22=1," hàng 40' "," vỏ ")) -> hàng 20' | V22: 1
A23: 12 | B23: 46108 | C23: PAN | D23: HAHU8303670 | E23: 1 | I23: 15H07524 | J23: PAN HA | K23: HẢI AN | L23: =E23+F23+G23+H23 -> 1 | M23: {=INDEX('BKTT T4.26'!$N$12:$N$55,MATCH(V23,'BKTT T4.26'!$A$12:$A$55,0),0)} -> 654871 | N23: =L23*M23 -> 654871 | O23: XUAT TAU | P23: oke | R23: =$R$10&S23&$R$9&J23&$S$10&K23&$R$8&I23 -> Cước vận chuyển Container hàng 20' tuyến đường PAN HA - HẢI AN. BKS: 15H07524 | S23: =IF(E23=1," hàng 20' ",IF(F23=1," hàng 40' "," vỏ ")) -> hàng 20' | V23: 1
A24: 13 | B24: 46108 | C24: PAN | D24: DFSU1745970 | E24: 1 | I24: 15C17301 | J24: PAN HA | K24: HẢI AN | L24: =E24+F24+G24+H24 -> 1 | M24: {=INDEX('BKTT T4.26'!$N$12:$N$55,MATCH(V24,'BKTT T4.26'!$A$12:$A$55,0),0)} -> 654871 | N24: =L24*M24 -> 654871 | O24: XUAT TAU | P24: oke | R24: =$R$10&S24&$R$9&J24&$S$10&K24&$R$8&I24 -> Cước vận chuyển Container hàng 20' tuyến đường PAN HA - HẢI AN. BKS: 15C17301 | S24: =IF(E24=1," hàng 20' ",IF(F24=1," hàng 40' "," vỏ ")) -> hàng 20' | V24: 1
A25: 14 | B25: 46108 | C25: PAN | D25: HACU2244675 | E25: 1 | I25: 15C17301 | J25: PAN HA | K25: HẢI AN | L25: =E25+F25+G25+H25 -> 1 | M25: {=INDEX('BKTT T4.26'!$N$12:$N$55,MATCH(V25,'BKTT T4.26'!$A$12:$A$55,0),0)} -> 654871 | N25: =L25*M25 -> 654871 | O25: XUAT TAU | P25: oke | R25: =$R$10&S25&$R$9&J25&$S$10&K25&$R$8&I25 -> Cước vận chuyển Container hàng 20' tuyến đường PAN HA - HẢI AN. BKS: 15C17301 | S25: =IF(E25=1," hàng 20' ",IF(F25=1," hàng 40' "," vỏ ")) -> hàng 20' | V25: 1
A26: 15 | B26: 46108 | C26: PAN | D26: SEKU1809987 | E26: 1 | I26: 15C17301 | J26: PAN HA | K26: HẢI AN | L26: =E26+F26+G26+H26 -> 1 | M26: {=INDEX('BKTT T4.26'!$N$12:$N$55,MATCH(V26,'BKTT T4.26'!$A$12:$A$55,0),0)} -> 654871 | N26: =L26*M26 -> 654871 | O26: XUAT TAU | P26: oke | R26: =$R$10&S26&$R$9&J26&$S$10&K26&$R$8&I26 -> Cước vận chuyển Container hàng 20' tuyến đường PAN HA - HẢI AN. BKS: 15C17301 | S26: =IF(E26=1," hàng 20' ",IF(F26=1," hàng 40' "," vỏ ")) -> hàng 20' | V26: 1
A27: 16 | B27: 46108 | C27: PAN | D27: SEKU1942650 | E27: 1 | I27: 15C17301 | J27: PAN HA | K27: HẢI AN | L27: =E27+F27+G27+H27 -> 1 | M27: {=INDEX('BKTT T4.26'!$N$12:$N$55,MATCH(V27,'BKTT T4.26'!$A$12:$A$55,0),0)} -> 654871 | N27: =L27*M27 -> 654871 | O27: XUAT TAU | P27: oke | R27: =$R$10&S27&$R$9&J27&$S$10&K27&$R$8&I27 -> Cước vận chuyển Container hàng 20' tuyến đường PAN HA - HẢI AN. BKS: 15C17301 | S27: =IF(E27=1," hàng 20' ",IF(F27=1," hàng 40' "," vỏ ")) -> hàng 20' | V27: 1
A28: 17 | B28: 46108 | C28: PAN | D28: HACU2243920 | E28: 1 | I28: 15C17301 | J28: PAN HA | K28: HẢI AN | L28: =E28+F28+G28+H28 -> 1 | M28: {=INDEX('BKTT T4.26'!$N$12:$N$55,MATCH(V28,'BKTT T4.26'!$A$12:$A$55,0),0)} -> 654871 | N28: =L28*M28 -> 654871 | O28: XUAT TAU | P28: oke | R28: =$R$10&S28&$R$9&J28&$S$10&K28&$R$8&I28 -> Cước vận chuyển Container hàng 20' tuyến đường PAN HA - HẢI AN. BKS: 15C17301 | S28: =IF(E28=1," hàng 20' ",IF(F28=1," hàng 40' "," vỏ ")) -> hàng 20' | V28: 1
A29: 18 | B29: 46108 | C29: PAN | D29: TGCU0175311 | E29: 1 | I29: 15C17301 | J29: PAN HA | K29: HẢI AN | L29: =E29+F29+G29+H29 -> 1 | M29: {=INDEX('BKTT T4.26'!$N$12:$N$55,MATCH(V29,'BKTT T4.26'!$A$12:$A$55,0),0)} -> 654871 | N29: =L29*M29 -> 654871 | O29: XUAT TAU | P29: oke | R29: =$R$10&S29&$R$9&J29&$S$10&K29&$R$8&I29 -> Cước vận chuyển Container hàng 20' tuyến đường PAN HA - HẢI AN. BKS: 15C17301 | S29: =IF(E29=1," hàng 20' ",IF(F29=1," hàng 40' "," vỏ ")) -> hàng 20' | V29: 1
A30: 19 | B30: 46108 | C30: PAN | D30: HACU4220013 | F30: 1 | I30: 15C17301 | J30: PAN HA | K30: HẢI AN, | L30: =E30+F30+G30+H30 -> 1 | M30: {=INDEX('BKTT T4.26'!$N$12:$N$55,MATCH(V30,'BKTT T4.26'!$A$12:$A$55,0),0)} -> 681050 | N30: =L30*M30 -> 681050 | O30: XUAT TAU | P30: oke | R30: =$R$10&S30&$R$9&J30&$S$10&K30&$R$8&I30 -> Cước vận chuyển Container hàng 40' tuyến đường PAN HA - HẢI AN,. BKS: 15C17301 | S30: =IF(E30=1," hàng 20' ",IF(F30=1," hàng 40' "," vỏ ")) -> hàng 40' | V30: 2
A31: 20 | B31: 46108 | C31: PAN | D31: SEKU5576728 | F31: 1 | I31: 15C17301 | J31: PAN HA | K31: HẢI AN, | L31: =E31+F31+G31+H31 -> 1 | M31: {=INDEX('BKTT T4.26'!$N$12:$N$55,MATCH(V31,'BKTT T4.26'!$A$12:$A$55,0),0)} -> 681050 | N31: =L31*M31 -> 681050 | O31: XUAT TAU | P31: oke | R31: =$R$10&S31&$R$9&J31&$S$10&K31&$R$8&I31 -> Cước vận chuyển Container hàng 40' tuyến đường PAN HA - HẢI AN,. BKS: 15C17301 | S31: =IF(E31=1," hàng 20' ",IF(F31=1," hàng 40' "," vỏ ")) -> hàng 40' | V31: 2
A32: 21 | B32: 46108 | C32: PAN | D32: CAAU6411939 | F32: 1 | I32: 15C17301 | J32: PAN HA | K32: HẢI AN, | L32: =E32+F32+G32+H32 -> 1 | M32: {=INDEX('BKTT T4.26'!$N$12:$N$55,MATCH(V32,'BKTT T4.26'!$A$12:$A$55,0),0)} -> 681050 | N32: =L32*M32 -> 681050 | O32: XUAT TAU | P32: oke | R32: =$R$10&S32&$R$9&J32&$S$10&K32&$R$8&I32 -> Cước vận chuyển Container hàng 40' tuyến đường PAN HA - HẢI AN,. BKS: 15C17301 | S32: =IF(E32=1," hàng 20' ",IF(F32=1," hàng 40' "," vỏ ")) -> hàng 40' | V32: 2
A33: 22 | B33: 46108 | C33: PAN | D33: GAOU7899199 | F33: 1 | I33: 15C17301 | J33: PAN HA | K33: HẢI AN, | L33: =E33+F33+G33+H33 -> 1 | M33: {=INDEX('BKTT T4.26'!$N$12:$N$55,MATCH(V33,'BKTT T4.26'!$A$12:$A$55,0),0)} -> 681050 | N33: =L33*M33 -> 681050 | O33: XUAT TAU | P33: oke | R33: =$R$10&S33&$R$9&J33&$S$10&K33&$R$8&I33 -> Cước vận chuyển Container hàng 40' tuyến đường PAN HA - HẢI AN,. BKS: 15C17301 | S33: =IF(E33=1," hàng 20' ",IF(F33=1," hàng 40' "," vỏ ")) -> hàng 40' | V33: 2
A34: 23 | B34: 46108 | C34: PAN | D34: FCIU5643714 | E34: 1 | I34: 15C17442 | J34: PAN HA | K34: HẢI AN | L34: =E34+F34+G34+H34 -> 1 | M34: {=INDEX('BKTT T4.26'!$N$12:$N$55,MATCH(V34,'BKTT T4.26'!$A$12:$A$55,0),0)} -> 654871 | N34: =L34*M34 -> 654871 | O34: XUAT TAU | P34: oke | R34: =$R$10&S34&$R$9&J34&$S$10&K34&$R$8&I34 -> Cước vận chuyển Container hàng 20' tuyến đường PAN HA - HẢI AN. BKS: 15C17442 | S34: =IF(E34=1," hàng 20' ",IF(F34=1," hàng 40' "," vỏ ")) -> hàng 20' | V34: 1
A35: 24 | B35: 46108 | C35: PAN | D35: HACU2242245 | E35: 1 | I35: 15C17442 | J35: PAN HA | K35: HẢI AN | L35: =E35+F35+G35+H35 -> 1 | M35: {=INDEX('BKTT T4.26'!$N$12:$N$55,MATCH(V35,'BKTT T4.26'!$A$12:$A$55,0),0)} -> 654871 | N35: =L35*M35 -> 654871 | O35: XUAT TAU | P35: oke | R35: =$R$10&S35&$R$9&J35&$S$10&K35&$R$8&I35 -> Cước vận chuyển Container hàng 20' tuyến đường PAN HA - HẢI AN. BKS: 15C17442 | S35: =IF(E35=1," hàng 20' ",IF(F35=1," hàng 40' "," vỏ ")) -> hàng 20' | V35: 1
A36: 25 | B36: 46108 | C36: PAN | D36: HACU2214670 | E36: 1 | I36: 15C17442 | J36: PAN HA | K36: HẢI AN | L36: =E36+F36+G36+H36 -> 1 | M36: {=INDEX('BKTT T4.26'!$N$12:$N$55,MATCH(V36,'BKTT T4.26'!$A$12:$A$55,0),0)} -> 654871 | N36: =L36*M36 -> 654871 | O36: XUAT TAU | P36: oke | R36: =$R$10&S36&$R$9&J36&$S$10&K36&$R$8&I36 -> Cước vận chuyển Container hàng 20' tuyến đường PAN HA - HẢI AN. BKS: 15C17442 | S36: =IF(E36=1," hàng 20' ",IF(F36=1," hàng 40' "," vỏ ")) -> hàng 20' | V36: 1
A37: 26 | B37: 46108 | C37: PAN | D37: DFSU3148232 | E37: 1 | I37: 15C17442 | J37: PAN HA | K37: HẢI AN | L37: =E37+F37+G37+H37 -> 1 | M37: {=INDEX('BKTT T4.26'!$N$12:$N$55,MATCH(V37,'BKTT T4.26'!$A$12:$A$55,0),0)} -> 654871 | N37: =L37*M37 -> 654871 | O37: XUAT TAU | P37: oke | R37: =$R$10&S37&$R$9&J37&$S$10&K37&$R$8&I37 -> Cước vận chuyển Container hàng 20' tuyến đường PAN HA - HẢI AN. BKS: 15C17442 | S37: =IF(E37=1," hàng 20' ",IF(F37=1," hàng 40' "," vỏ ")) -> hàng 20' | V37: 1
A38: 27 | B38: 46108 | C38: PAN | D38: TGCU2027329 | E38: 1 | I38: 15C17442 | J38: PAN HA | K38: HẢI AN | L38: =E38+F38+G38+H38 -> 1 | M38: {=INDEX('BKTT T4.26'!$N$12:$N$55,MATCH(V38,'BKTT T4.26'!$A$12:$A$55,0),0)} -> 654871 | N38: =L38*M38 -> 654871 | O38: XUAT TAU | P38: oke | R38: =$R$10&S38&$R$9&J38&$S$10&K38&$R$8&I38 -> Cước vận chuyển Container hàng 20' tuyến đường PAN HA - HẢI AN. BKS: 15C17442 | S38: =IF(E38=1," hàng 20' ",IF(F38=1," hàng 40' "," vỏ ")) -> hàng 20' | V38: 1
A39: 28 | B39: 46108 | C39: PAN | D39: TGCU0115708 | E39: 1 | I39: 15C17442 | J39: PAN HA | K39: HẢI AN | L39: =E39+F39+G39+H39 -> 1 | M39: {=INDEX('BKTT T4.26'!$N$12:$N$55,MATCH(V39,'BKTT T4.26'!$A$12:$A$55,0),0)} -> 654871 | N39: =L39*M39 -> 654871 | O39: XUAT TAU | P39: oke | R39: =$R$10&S39&$R$9&J39&$S$10&K39&$R$8&I39 -> Cước vận chuyển Container hàng 20' tuyến đường PAN HA - HẢI AN. BKS: 15C17442 | S39: =IF(E39=1," hàng 20' ",IF(F39=1," hàng 40' "," vỏ ")) -> hàng 20' | V39: 1
A40: 29 | B40: 46108 | C40: PAN | D40: HACU4211011 | F40: 1 | I40: 15C17442 | J40: PAN HA | K40: HẢI AN, | L40: =E40+F40+G40+H40 -> 1 | M40: {=INDEX('BKTT T4.26'!$N$12:$N$55,MATCH(V40,'BKTT T4.26'!$A$12:$A$55,0),0)} -> 681050 | N40: =L40*M40 -> 681050 | O40: XUAT TAU | P40: oke | R40: =$R$10&S40&$R$9&J40&$S$10&K40&$R$8&I40 -> Cước vận chuyển Container hàng 40' tuyến đường PAN HA - HẢI AN,. BKS: 15C17442 | S40: =IF(E40=1," hàng 20' ",IF(F40=1," hàng 40' "," vỏ ")) -> hàng 40' | V40: 2
A41: 30 | B41: 46108 | C41: PAN | D41: TCNU6733187 | F41: 1 | I41: 15C17442 | J41: PAN HA | K41: HẢI AN, | L41: =E41+F41+G41+H41 -> 1 | M41: {=INDEX('BKTT T4.26'!$N$12:$N$55,MATCH(V41,'BKTT T4.26'!$A$12:$A$55,0),0)} -> 681050 | N41: =L41*M41 -> 681050 | O41: XUAT TAU | P41: oke | R41: =$R$10&S41&$R$9&J41&$S$10&K41&$R$8&I41 -> Cước vận chuyển Container hàng 40' tuyến đường PAN HA - HẢI AN,. BKS: 15C17442 | S41: =IF(E41=1," hàng 20' ",IF(F41=1," hàng 40' "," vỏ ")) -> hàng 40' | V41: 2
A42: 31 | B42: 46108 | C42: PAN | D42: HACU4181642 | F42: 1 | I42: 15C17442 | J42: PAN HA | K42: HẢI AN, | L42: =E42+F42+G42+H42 -> 1 | M42: {=INDEX('BKTT T4.26'!$N$12:$N$55,MATCH(V42,'BKTT T4.26'!$A$12:$A$55,0),0)} -> 681050 | N42: =L42*M42 -> 681050 | O42: XUAT TAU | P42: oke | R42: =$R$10&S42&$R$9&J42&$S$10&K42&$R$8&I42 -> Cước vận chuyển Container hàng 40' tuyến đường PAN HA - HẢI AN,. BKS: 15C17442 | S42: =IF(E42=1," hàng 20' ",IF(F42=1," hàng 40' "," vỏ ")) -> hàng 40' | V42: 2
A43: 32 | B43: 46108 | C43: PAN | D43: FSCU8978460 | F43: 1 | I43: 15C17442 | J43: PAN HA | K43: HẢI AN, | L43: =E43+F43+G43+H43 -> 1 | M43: {=INDEX('BKTT T4.26'!$N$12:$N$55,MATCH(V43,'BKTT T4.26'!$A$12:$A$55,0),0)} -> 681050 | N43: =L43*M43 -> 681050 | O43: XUAT TAU | P43: oke | R43: =$R$10&S43&$R$9&J43&$S$10&K43&$R$8&I43 -> Cước vận chuyển Container hàng 40' tuyến đường PAN HA - HẢI AN,. BKS: 15C17442 | S43: =IF(E43=1," hàng 20' ",IF(F43=1," hàng 40' "," vỏ ")) -> hàng 40' | V43: 2
A44: 33 | B44: 46108 | C44: PAN | D44: TCKU6135046 | F44: 1 | I44: 15C17442 | J44: PAN HA | K44: HẢI AN, | L44: =E44+F44+G44+H44 -> 1 | M44: {=INDEX('BKTT T4.26'!$N$12:$N$55,MATCH(V44,'BKTT T4.26'!$A$12:$A$55,0),0)} -> 681050 | N44: =L44*M44 -> 681050 | O44: XUAT TAU | P44: oke | R44: =$R$10&S44&$R$9&J44&$S$10&K44&$R$8&I44 -> Cước vận chuyển Container hàng 40' tuyến đường PAN HA - HẢI AN,. BKS: 15C17442 | S44: =IF(E44=1," hàng 20' ",IF(F44=1," hàng 40' "," vỏ ")) -> hàng 40' | V44: 2
A45: 34 | B45: 46107 | C45: PAN | D45: TCKU1708530 | E45: 1 | I45: 15C09877 | J45: PAN HA | K45: NDV | L45: =E45+F45+G45+H45 -> 1 | M45: {=INDEX('BKTT T4.26'!$N$12:$N$55,MATCH(V45,'BKTT T4.26'!$A$12:$A$55,0),0)} -> 454158 | N45: =L45*M45 -> 454158 | O45: XUAT TAU | P45: oke | R45: =$R$10&S45&$R$9&J45&$S$10&K45&$R$8&I45 -> Cước vận chuyển Container hàng 20' tuyến đường PAN HA - NDV. BKS: 15C09877 | S45: =IF(E45=1," hàng 20' ",IF(F45=1," hàng 40' "," vỏ ")) -> hàng 20' | V45: 7
A46: 35 | B46: 46107 | C46: PAN | D46: AMFU3143185 | E46: 1 | I46: 15C09877 | J46: PAN HA | K46: NDV | L46: =E46+F46+G46+H46 -> 1 | M46: {=INDEX('BKTT T4.26'!$N$12:$N$55,MATCH(V46,'BKTT T4.26'!$A$12:$A$55,0),0)} -> 454158 | N46: =L46*M46 -> 454158 | O46: XUAT TAU | P46: oke | R46: =$R$10&S46&$R$9&J46&$S$10&K46&$R$8&I46 -> Cước vận chuyển Container hàng 20' tuyến đường PAN HA - NDV. BKS: 15C09877 | S46: =IF(E46=1," hàng 20' ",IF(F46=1," hàng 40' "," vỏ ")) -> hàng 20' | V46: 7
A47: 36 | B47: 46107 | C47: PAN | D47: OBLU3321140 | E47: 1 | I47: 15C09877 | J47: PAN HA | K47: NDV | L47: =E47+F47+G47+H47 -> 1 | M47: {=INDEX('BKTT T4.26'!$N$12:$N$55,MATCH(V47,'BKTT T4.26'!$A$12:$A$55,0),0)} -> 454158 | N47: =L47*M47 -> 454158 | O47: XUAT TAU | P47: oke | R47: =$R$10&S47&$R$9&J47&$S$10&K47&$R$8&I47 -> Cước vận chuyển Container hàng 20' tuyến đường PAN HA - NDV. BKS: 15C09877 | S47: =IF(E47=1," hàng 20' ",IF(F47=1," hàng 40' "," vỏ ")) -> hàng 20' | V47: 7
A48: 37 | B48: 46107 | C48: PAN | D48: OBLU3313680 | E48: 1 | I48: 15C09877 | J48: PAN HA | K48: NDV | L48: =E48+F48+G48+H48 -> 1 | M48: {=INDEX('BKTT T4.26'!$N$12:$N$55,MATCH(V48,'BKTT T4.26'!$A$12:$A$55,0),0)} -> 454158 | N48: =L48*M48 -> 454158 | O48: XUAT TAU | P48: oke | R48: =$R$10&S48&$R$9&J48&$S$10&K48&$R$8&I48 -> Cước vận chuyển Container hàng 20' tuyến đường PAN HA - NDV. BKS: 15C09877 | S48: =IF(E48=1," hàng 20' ",IF(F48=1," hàng 40' "," vỏ ")) -> hàng 20' | V48: 7
A49: 38 | B49: 46108 | C49: PAN | D49: HACU2160830 | E49: 1 | I49: 15C09877 | J49: PAN HA | K49: HẢI AN | L49: =E49+F49+G49+H49 -> 1 | M49: {=INDEX('BKTT T4.26'!$N$12:$N$55,MATCH(V49,'BKTT T4.26'!$A$12:$A$55,0),0)} -> 654871 | N49: =L49*M49 -> 654871 | O49: XUAT TAU | P49: oke | R49: =$R$10&S49&$R$9&J49&$S$10&K49&$R$8&I49 -> Cước vận chuyển Container hàng 20' tuyến đường PAN HA - HẢI AN. BKS: 15C09877 | S49: =IF(E49=1," hàng 20' ",IF(F49=1," hàng 40' "," vỏ ")) -> hàng 20' | V49: 1
A50: 39 | B50: 46108 | C50: PAN | D50: CAIU3660397 | E50: 1 | I50: 15C09877 | J50: PAN HA | K50: HẢI AN | L50: =E50+F50+G50+H50 -> 1 | M50: {=INDEX('BKTT T4.26'!$N$12:$N$55,MATCH(V50,'BKTT T4.26'!$A$12:$A$55,0),0)} -> 654871 | N50: =L50*M50 -> 654871 | O50: XUAT TAU | P50: oke | R50: =$R$10&S50&$R$9&J50&$S$10&K50&$R$8&I50 -> Cước vận chuyển Container hàng 20' tuyến đường PAN HA - HẢI AN. BKS: 15C09877 | S50: =IF(E50=1," hàng 20' ",IF(F50=1," hàng 40' "," vỏ ")) -> hàng 20' | V50: 1
A51: 40 | B51: 46108 | C51: PAN | D51: TRHU2862507 | E51: 1 | I51: 15C09877 | J51: PAN HA | K51: HẢI AN | L51: =E51+F51+G51+H51 -> 1 | M51: {=INDEX('BKTT T4.26'!$N$12:$N$55,MATCH(V51,'BKTT T4.26'!$A$12:$A$55,0),0)} -> 654871 | N51: =L51*M51 -> 654871 | O51: XUAT TAU | P51: oke | R51: =$R$10&S51&$R$9&J51&$S$10&K51&$R$8&I51 -> Cước vận chuyển Container hàng 20' tuyến đường PAN HA - HẢI AN. BKS: 15C09877 | S51: =IF(E51=1," hàng 20' ",IF(F51=1," hàng 40' "," vỏ ")) -> hàng 20' | V51: 1
A52: 41 | B52: 46108 | C52: PAN | D52: TCKU2999600 | E52: 1 | I52: 15C09877 | J52: PAN HA | K52: HẢI AN | L52: =E52+F52+G52+H52 -> 1 | M52: {=INDEX('BKTT T4.26'!$N$12:$N$55,MATCH(V52,'BKTT T4.26'!$A$12:$A$55,0),0)} -> 654871 | N52: =L52*M52 -> 654871 | O52: XUAT TAU | P52: oke | R52: =$R$10&S52&$R$9&J52&$S$10&K52&$R$8&I52 -> Cước vận chuyển Container hàng 20' tuyến đường PAN HA - HẢI AN. BKS: 15C09877 | S52: =IF(E52=1," hàng 20' ",IF(F52=1," hàng 40' "," vỏ ")) -> hàng 20' | V52: 1
A53: 42 | B53: 46108 | C53: PAN | D53: GLDU5553416 | E53: 1 | I53: 15C09877 | J53: PAN HA | K53: HẢI AN | L53: =E53+F53+G53+H53 -> 1 | M53: {=INDEX('BKTT T4.26'!$N$12:$N$55,MATCH(V53,'BKTT T4.26'!$A$12:$A$55,0),0)} -> 654871 | N53: =L53*M53 -> 654871 | O53: XUAT TAU | P53: oke | R53: =$R$10&S53&$R$9&J53&$S$10&K53&$R$8&I53 -> Cước vận chuyển Container hàng 20' tuyến đường PAN HA - HẢI AN. BKS: 15C09877 | S53: =IF(E53=1," hàng 20' ",IF(F53=1," hàng 40' "," vỏ ")) -> hàng 20' | V53: 1
A54: 43 | B54: 46108 | C54: PAN | D54: TRHU1591740 | E54: 1 | I54: 15C09877 | J54: PAN HA | K54: HẢI AN | L54: =E54+F54+G54+H54 -> 1 | M54: {=INDEX('BKTT T4.26'!$N$12:$N$55,MATCH(V54,'BKTT T4.26'!$A$12:$A$55,0),0)} -> 654871 | N54: =L54*M54 -> 654871 | O54: XUAT TAU | P54: oke | R54: =$R$10&S54&$R$9&J54&$S$10&K54&$R$8&I54 -> Cước vận chuyển Container hàng 20' tuyến đường PAN HA - HẢI AN. BKS: 15C09877 | S54: =IF(E54=1," hàng 20' ",IF(F54=1," hàng 40' "," vỏ ")) -> hàng 20' | V54: 1
A55: 44 | B55: 46108 | C55: PAN | D55: TCKU3774212 | E55: 1 | I55: 15C09877 | J55: PAN HA | K55: HẢI AN | L55: =E55+F55+G55+H55 -> 1 | M55: {=INDEX('BKTT T4.26'!$N$12:$N$55,MATCH(V55,'BKTT T4.26'!$A$12:$A$55,0),0)} -> 654871 | N55: =L55*M55 -> 654871 | O55: XUAT TAU | P55: oke | R55: =$R$10&S55&$R$9&J55&$S$10&K55&$R$8&I55 -> Cước vận chuyển Container hàng 20' tuyến đường PAN HA - HẢI AN. BKS: 15C09877 | S55: =IF(E55=1," hàng 20' ",IF(F55=1," hàng 40' "," vỏ ")) -> hàng 20' | V55: 1
A56: 45 | B56: 46108 | C56: PAN | D56: HACU2248264 | E56: 1 | I56: 15C09877 | J56: PAN HA | K56: HẢI AN | L56: =E56+F56+G56+H56 -> 1 | M56: {=INDEX('BKTT T4.26'!$N$12:$N$55,MATCH(V56,'BKTT T4.26'!$A$12:$A$55,0),0)} -> 654871 | N56: =L56*M56 -> 654871 | O56: XUAT TAU | P56: oke | R56: =$R$10&S56&$R$9&J56&$S$10&K56&$R$8&I56 -> Cước vận chuyển Container hàng 20' tuyến đường PAN HA - HẢI AN. BKS: 15C09877 | S56: =IF(E56=1," hàng 20' ",IF(F56=1," hàng 40' "," vỏ ")) -> hàng 20' | V56: 1
A57: 46 | B57: 46108 | C57: PAN | D57: TIIU5775546 | F57: 1 | I57: 15C09877 | J57: PAN HA | K57: HẢI AN, | L57: =E57+F57+G57+H57 -> 1 | M57: {=INDEX('BKTT T4.26'!$N$12:$N$55,MATCH(V57,'BKTT T4.26'!$A$12:$A$55,0),0)} -> 681050 | N57: =L57*M57 -> 681050 | O57: XUAT TAU | P57: oke | R57: =$R$10&S57&$R$9&J57&$S$10&K57&$R$8&I57 -> Cước vận chuyển Container hàng 40' tuyến đường PAN HA - HẢI AN,. BKS: 15C09877 | S57: =IF(E57=1," hàng 20' ",IF(F57=1," hàng 40' "," vỏ ")) -> hàng 40' | V57: 2
A58: 47 | B58: 46108 | C58: PAN | D58: MSKU4783044 | H58: 1 | I58: 15C09877 | J58: HATECO | K58: PAN HA | L58: =E58+F58+G58+H58 -> 1 | M58: {=INDEX('BKTT T4.26'!$N$12:$N$55,MATCH(V58,'BKTT T4.26'!$A$12:$A$55,0),0)} -> 1002400 | N58: =L58*M58 -> 1002400 | O58: CHUYEN BAI | P58: oke | R58: =$R$10&S58&$R$9&J58&$S$10&K58&$R$8&I58 -> Cước vận chuyển Container vỏ tuyến đường HATECO - PAN HA. BKS: 15C09877 | S58: =IF(E58=1," hàng 20' ",IF(F58=1," hàng 40' "," vỏ ")) -> vỏ | V58: 35
A59: 48 | B59: 46109 | C59: PAN | D59: CAAU2216195 | E59: 1 | I59: 15C17442 | J59: PAN HA | K59: VIP | L59: =E59+F59+G59+H59 -> 1 | M59: {=INDEX('BKTT T4.26'!$N$12:$N$55,MATCH(V59,'BKTT T4.26'!$A$12:$A$55,0),0)} -> 576331 | N59: =L59*M59 -> 576331 | O59: XUAT TAU | P59: oke | R59: =$R$10&S59&$R$9&J59&$S$10&K59&$R$8&I59 -> Cước vận chuyển Container hàng 20' tuyến đường PAN HA - VIP. BKS: 15C17442 | S59: =IF(E59=1," hàng 20' ",IF(F59=1," hàng 40' "," vỏ ")) -> hàng 20' | V59: 27
A60: 49 | B60: 46109 | C60: PAN | D60: HACU2248135 | E60: 1 | I60: 15C17442 | J60: PAN HA | K60: VIP | L60: =E60+F60+G60+H60 -> 1 | M60: {=INDEX('BKTT T4.26'!$N$12:$N$55,MATCH(V60,'BKTT T4.26'!$A$12:$A$55,0),0)} -> 576331 | N60: =L60*M60 -> 576331 | O60: XUAT TAU | P60: oke | R60: =$R$10&S60&$R$9&J60&$S$10&K60&$R$8&I60 -> Cước vận chuyển Container hàng 20' tuyến đường PAN HA - VIP. BKS: 15C17442 | S60: =IF(E60=1," hàng 20' ",IF(F60=1," hàng 40' "," vỏ ")) -> hàng 20' | V60: 27
A61: 50 | B61: 46109 | C61: PAN | D61: SEKU1458305 | E61: 1 | I61: 15C17442 | J61: PAN HA | K61: VIP | L61: =E61+F61+G61+H61 -> 1 | M61: {=INDEX('BKTT T4.26'!$N$12:$N$55,MATCH(V61,'BKTT T4.26'!$A$12:$A$55,0),0)} -> 576331 | N61: =L61*M61 -> 576331 | O61: XUAT TAU | P61: oke | R61: =$R$10&S61&$R$9&J61&$S$10&K61&$R$8&I61 -> Cước vận chuyển Container hàng 20' tuyến đường PAN HA - VIP. BKS: 15C17442 | S61: =IF(E61=1," hàng 20' ",IF(F61=1," hàng 40' "," vỏ ")) -> hàng 20' | V61: 27
A62: 51 | B62: 46109 | C62: PAN | D62: HACU2162860 | E62: 1 | I62: 15C17442 | J62: PAN HA | K62: VIP | L62: =E62+F62+G62+H62 -> 1 | M62: {=INDEX('BKTT T4.26'!$N$12:$N$55,MATCH(V62,'BKTT T4.26'!$A$12:$A$55,0),0)} -> 576331 | N62: =L62*M62 -> 576331 | O62: XUAT TAU | P62: oke | R62: =$R$10&S62&$R$9&J62&$S$10&K62&$R$8&I62 -> Cước vận chuyển Container hàng 20' tuyến đường PAN HA - VIP. BKS: 15C17442 | S62: =IF(E62=1," hàng 20' ",IF(F62=1," hàng 40' "," vỏ ")) -> hàng 20' | V62: 27
A63: 52 | B63: 46109 | C63: PAN | D63: SZLU5024986 | H63: 1 | I63: 15C17442 | J63: PAN HA | K63: VIP. | L63: =E63+F63+G63+H63 -> 1 | M63: {=INDEX('BKTT T4.26'!$N$12:$N$55,MATCH(V63,'BKTT T4.26'!$A$12:$A$55,0),0)} -> 550151 | N63: =L63*M63 -> 550151 | O63: XUAT TAU | P63: oke | R63: =$R$10&S63&$R$9&J63&$S$10&K63&$R$8&I63 -> Cước vận chuyển Container vỏ tuyến đường PAN HA - VIP.. BKS: 15C17442 | S63: =IF(E63=1," hàng 20' ",IF(F63=1," hàng 40' "," vỏ ")) -> vỏ | V63: 29
A64: 53 | B64: 46109 | C64: PAN | D64: KKFU6964419 | H64: 1 | I64: 15C17442 | J64: PAN HA | K64: VIP. | L64: =E64+F64+G64+H64 -> 1 | M64: {=INDEX('BKTT T4.26'!$N$12:$N$55,MATCH(V64,'BKTT T4.26'!$A$12:$A$55,0),0)} -> 550151 | N64: =L64*M64 -> 550151 | O64: XUAT TAU | P64: oke | R64: =$R$10&S64&$R$9&J64&$S$10&K64&$R$8&I64 -> Cước vận chuyển Container vỏ tuyến đường PAN HA - VIP.. BKS: 15C17442 | S64: =IF(E64=1," hàng 20' ",IF(F64=1," hàng 40' "," vỏ ")) -> vỏ | V64: 29
A65: 54 | B65: 46109 | C65: PAN | D65: GAOU7899455 | F65: 1 | I65: 15C17442 | J65: PAN HA | K65: HẢI AN, | L65: =E65+F65+G65+H65 -> 1 | M65: {=INDEX('BKTT T4.26'!$N$12:$N$55,MATCH(V65,'BKTT T4.26'!$A$12:$A$55,0),0)} -> 681050 | N65: =L65*M65 -> 681050 | O65: XUAT TAU | P65: oke | R65: =$R$10&S65&$R$9&J65&$S$10&K65&$R$8&I65 -> Cước vận chuyển Container hàng 40' tuyến đường PAN HA - HẢI AN,. BKS: 15C17442 | S65: =IF(E65=1," hàng 20' ",IF(F65=1," hàng 40' "," vỏ ")) -> hàng 40' | V65: 2
A66: 55 | B66: 46109 | C66: PAN | D66: MSKU4652300 | H66: 1 | I66: 15H12925 | J66: HATECO | K66: PAN HA | L66: =E66+F66+G66+H66 -> 1 | M66: {=INDEX('BKTT T4.26'!$N$12:$N$55,MATCH(V66,'BKTT T4.26'!$A$12:$A$55,0),0)} -> 1002400 | N66: =L66*M66 -> 1002400 | O66: CHUYEN BAI | P66: oke | R66: =$R$10&S66&$R$9&J66&$S$10&K66&$R$8&I66 -> Cước vận chuyển Container vỏ tuyến đường HATECO - PAN HA. BKS: 15H12925 | S66: =IF(E66=1," hàng 20' ",IF(F66=1," hàng 40' "," vỏ ")) -> vỏ | V66: 35
A67: 56 | B67: 46109 | C67: PAN | D67: MAEU9258570 | H67: 1 | I67: 15H12925 | J67: HATECO | K67: PAN HA | L67: =E67+F67+G67+H67 -> 1 | M67: {=INDEX('BKTT T4.26'!$N$12:$N$55,MATCH(V67,'BKTT T4.26'!$A$12:$A$55,0),0)} -> 1002400 | N67: =L67*M67 -> 1002400 | O67: CHUYEN BAI | P67: oke | R67: =$R$10&S67&$R$9&J67&$S$10&K67&$R$8&I67 -> Cước vận chuyển Container vỏ tuyến đường HATECO - PAN HA. BKS: 15H12925 | S67: =IF(E67=1," hàng 20' ",IF(F67=1," hàng 40' "," vỏ ")) -> vỏ | V67: 35
A68: 57 | B68: 46109 | C68: PAN | D68: HACU4214622 | F68: 1 | I68: 15H12925 | J68: PAN HA | K68: VIP, | L68: =E68+F68+G68+H68 -> 1 | M68: {=INDEX('BKTT T4.26'!$N$12:$N$55,MATCH(V68,'BKTT T4.26'!$A$12:$A$55,0),0)} -> 602510 | N68: =L68*M68 -> 602510 | O68: XUAT TAU | P68: oke | R68: =$R$10&S68&$R$9&J68&$S$10&K68&$R$8&I68 -> Cước vận chuyển Container hàng 40' tuyến đường PAN HA - VIP,. BKS: 15H12925 | S68: =IF(E68=1," hàng 20' ",IF(F68=1," hàng 40' "," vỏ ")) -> hàng 40' | V68: 28
A69: 58 | B69: 46109 | C69: PAN | D69: SEKU5581597 | F69: 1 | I69: 15H12925 | J69: PAN HA | K69: VIP, | L69: =E69+F69+G69+H69 -> 1 | M69: {=INDEX('BKTT T4.26'!$N$12:$N$55,MATCH(V69,'BKTT T4.26'!$A$12:$A$55,0),0)} -> 602510 | N69: =L69*M69 -> 602510 | O69: XUAT TAU | P69: oke | R69: =$R$10&S69&$R$9&J69&$S$10&K69&$R$8&I69 -> Cước vận chuyển Container hàng 40' tuyến đường PAN HA - VIP,. BKS: 15H12925 | S69: =IF(E69=1," hàng 20' ",IF(F69=1," hàng 40' "," vỏ ")) -> hàng 40' | V69: 28
A70: 59 | B70: 46109 | C70: PAN | D70: HACU4210709 | F70: 1 | I70: 15H12925 | J70: PAN HA | K70: VIP, | L70: =E70+F70+G70+H70 -> 1 | M70: {=INDEX('BKTT T4.26'!$N$12:$N$55,MATCH(V70,'BKTT T4.26'!$A$12:$A$55,0),0)} -> 602510 | N70: =L70*M70 -> 602510 | O70: XUAT TAU | P70: oke | R70: =$R$10&S70&$R$9&J70&$S$10&K70&$R$8&I70 -> Cước vận chuyển Container hàng 40' tuyến đường PAN HA - VIP,. BKS: 15H12925 | S70: =IF(E70=1," hàng 20' ",IF(F70=1," hàng 40' "," vỏ ")) -> hàng 40' | V70: 28
A71: 60 | B71: 46109 | C71: PAN | D71: SEKU6800719 | F71: 1 | I71: 15H12925 | J71: PAN HA | K71: VIP, | L71: =E71+F71+G71+H71 -> 1 | M71: {=INDEX('BKTT T4.26'!$N$12:$N$55,MATCH(V71,'BKTT T4.26'!$A$12:$A$55,0),0)} -> 602510 | N71: =L71*M71 -> 602510 | O71: XUAT TAU | P71: oke | R71: =$R$10&S71&$R$9&J71&$S$10&K71&$R$8&I71 -> Cước vận chuyển Container hàng 40' tuyến đường PAN HA - VIP,. BKS: 15H12925 | S71: =IF(E71=1," hàng 20' ",IF(F71=1," hàng 40' "," vỏ ")) -> hàng 40' | V71: 28
A72: 61 | B72: 46109 | C72: PAN | D72: TCNU8874190 | F72: 1 | I72: 15H12925 | J72: PAN HA | K72: HẢI AN, | L72: =E72+F72+G72+H72 -> 1 | M72: {=INDEX('BKTT T4.26'!$N$12:$N$55,MATCH(V72,'BKTT T4.26'!$A$12:$A$55,0),0)} -> 681050 | N72: =L72*M72 -> 681050 | O72: XUAT TAU | P72: oke | R72: =$R$10&S72&$R$9&J72&$S$10&K72&$R$8&I72 -> Cước vận chuyển Container hàng 40' tuyến đường PAN HA - HẢI AN,. BKS: 15H12925 | S72: =IF(E72=1," hàng 20' ",IF(F72=1," hàng 40' "," vỏ ")) -> hàng 40' | V72: 2
A73: 62 | B73: 46109 | C73: PAN | D73: SEKU5583049 | F73: 1 | I73: 15H12925 | J73: PAN HA | K73: HẢI AN, | L73: =E73+F73+G73+H73 -> 1 | M73: {=INDEX('BKTT T4.26'!$N$12:$N$55,MATCH(V73,'BKTT T4.26'!$A$12:$A$55,0),0)} -> 681050 | N73: =L73*M73 -> 681050 | O73: XUAT TAU | P73: oke | R73: =$R$10&S73&$R$9&J73&$S$10&K73&$R$8&I73 -> Cước vận chuyển Container hàng 40' tuyến đường PAN HA - HẢI AN,. BKS: 15H12925 | S73: =IF(E73=1," hàng 20' ",IF(F73=1," hàng 40' "," vỏ ")) -> hàng 40' | V73: 2
A74: 63 | B74: 46109 | C74: PAN | D74: GAOU7902311 | F74: 1 | I74: 15H12925 | J74: PAN HA | K74: HẢI AN, | L74: =E74+F74+G74+H74 -> 1 | M74: {=INDEX('BKTT T4.26'!$N$12:$N$55,MATCH(V74,'BKTT T4.26'!$A$12:$A$55,0),0)} -> 681050 | N74: =L74*M74 -> 681050 | O74: XUAT TAU | P74: oke | R74: =$R$10&S74&$R$9&J74&$S$10&K74&$R$8&I74 -> Cước vận chuyển Container hàng 40' tuyến đường PAN HA - HẢI AN,. BKS: 15H12925 | S74: =IF(E74=1," hàng 20' ",IF(F74=1," hàng 40' "," vỏ ")) -> hàng 40' | V74: 2
A75: 64 | B75: 46107 | C75: PAN | D75: UACU3879903 | G75: 0.5 | I75: 15H18552 | J75: HATECO | K75: PAN HA | L75: =E75+F75+G75+H75 -> 0.5 | M75: {=INDEX('BKTT T4.26'!$N$12:$N$55,MATCH(V75,'BKTT T4.26'!$A$12:$A$55,0),0)} -> 1002400 | N75: =L75*M75 -> 501200 | O75: CHUYEN BAI | P75: oke | R75: =$R$10&S75&$R$9&J75&$S$10&K75&$R$8&I75 -> Cước vận chuyển Container vỏ tuyến đường HATECO - PAN HA. BKS: 15H18552 | S75: =IF(E75=1," hàng 20' ",IF(F75=1," hàng 40' "," vỏ ")) -> vỏ | V75: 35
A76: 65 | B76: 46107 | C76: PAN | D76: GCXU2335705 | G76: 0.5 | I76: 15H18552 | J76: HATECO | K76: PAN HA | L76: =E76+F76+G76+H76 -> 0.5 | M76: {=INDEX('BKTT T4.26'!$N$12:$N$55,MATCH(V76,'BKTT T4.26'!$A$12:$A$55,0),0)} -> 1002400 | N76: =L76*M76 -> 501200 | O76: CHUYEN BAI | P76: oke | R76: =$R$10&S76&$R$9&J76&$S$10&K76&$R$8&I76 -> Cước vận chuyển Container vỏ tuyến đường HATECO - PAN HA. BKS: 15H18552 | S76: =IF(E76=1," hàng 20' ",IF(F76=1," hàng 40' "," vỏ ")) -> vỏ | V76: 35
A77: 66 | B77: 46107 | C77: PAN | D77: BSIU2530157 | G77: 0.5 | I77: 15H18552 | J77: HATECO | K77: PAN HA | L77: =E77+F77+G77+H77 -> 0.5 | M77: {=INDEX('BKTT T4.26'!$N$12:$N$55,MATCH(V77,'BKTT T4.26'!$A$12:$A$55,0),0)} -> 1002400 | N77: =L77*M77 -> 501200 | O77: CHUYEN BAI | P77: oke | R77: =$R$10&S77&$R$9&J77&$S$10&K77&$R$8&I77 -> Cước vận chuyển Container vỏ tuyến đường HATECO - PAN HA. BKS: 15H18552 | S77: =IF(E77=1," hàng 20' ",IF(F77=1," hàng 40' "," vỏ ")) -> vỏ | V77: 35
A78: 67 | B78: 46107 | C78: PAN | D78: BMOU1256909 | G78: 0.5 | I78: 15H18552 | J78: HATECO | K78: PAN HA | L78: =E78+F78+G78+H78 -> 0.5 | M78: {=INDEX('BKTT T4.26'!$N$12:$N$55,MATCH(V78,'BKTT T4.26'!$A$12:$A$55,0),0)} -> 1002400 | N78: =L78*M78 -> 501200 | O78: CHUYEN BAI | P78: oke | R78: =$R$10&S78&$R$9&J78&$S$10&K78&$R$8&I78 -> Cước vận chuyển Container vỏ tuyến đường HATECO - PAN HA. BKS: 15H18552 | S78: =IF(E78=1," hàng 20' ",IF(F78=1," hàng 40' "," vỏ ")) -> vỏ | V78: 35
A79: 68 | B79: 46109 | C79: PAN | D79: HACU2246549 | E79: 1 | I79: 15C17301 | J79: PAN HA | K79: VIP | L79: =E79+F79+G79+H79 -> 1 | M79: {=INDEX('BKTT T4.26'!$N$12:$N$55,MATCH(V79,'BKTT T4.26'!$A$12:$A$55,0),0)} -> 576331 | N79: =L79*M79 -> 576331 | O79: XUAT TAU | P79: oke | R79: =$R$10&S79&$R$9&J79&$S$10&K79&$R$8&I79 -> Cước vận chuyển Container hàng 20' tuyến đường PAN HA - VIP. BKS: 15C17301 | S79: =IF(E79=1," hàng 20' ",IF(F79=1," hàng 40' "," vỏ ")) -> hàng 20' | V79: 27
A80: 69 | B80: 46109 | C80: PAN | D80: HACU2161734 | E80: 1 | I80: 15C17301 | J80: PAN HA | K80: VIP | L80: =E80+F80+G80+H80 -> 1 | M80: {=INDEX('BKTT T4.26'!$N$12:$N$55,MATCH(V80,'BKTT T4.26'!$A$12:$A$55,0),0)} -> 576331 | N80: =L80*M80 -> 576331 | O80: XUAT TAU | P80: oke | R80: =$R$10&S80&$R$9&J80&$S$10&K80&$R$8&I80 -> Cước vận chuyển Container hàng 20' tuyến đường PAN HA - VIP. BKS: 15C17301 | S80: =IF(E80=1," hàng 20' ",IF(F80=1," hàng 40' "," vỏ ")) -> hàng 20' | V80: 27
A81: 70 | B81: 46109 | C81: PAN | D81: HACU2162601 | E81: 1 | I81: 15C17301 | J81: PAN HA | K81: VIP | L81: =E81+F81+G81+H81 -> 1 | M81: {=INDEX('BKTT T4.26'!$N$12:$N$55,MATCH(V81,'BKTT T4.26'!$A$12:$A$55,0),0)} -> 576331 | N81: =L81*M81 -> 576331 | O81: XUAT TAU | P81: oke | R81: =$R$10&S81&$R$9&J81&$S$10&K81&$R$8&I81 -> Cước vận chuyển Container hàng 20' tuyến đường PAN HA - VIP. BKS: 15C17301 | S81: =IF(E81=1," hàng 20' ",IF(F81=1," hàng 40' "," vỏ ")) -> hàng 20' | V81: 27
A82: 71 | B82: 46109 | C82: PAN | D82: CAIU6526571 | E82: 1 | I82: 15C17301 | J82: PAN HA | K82: VIP | L82: =E82+F82+G82+H82 -> 1 | M82: {=INDEX('BKTT T4.26'!$N$12:$N$55,MATCH(V82,'BKTT T4.26'!$A$12:$A$55,0),0)} -> 576331 | N82: =L82*M82 -> 576331 | O82: XUAT TAU | P82: oke | R82: =$R$10&S82&$R$9&J82&$S$10&K82&$R$8&I82 -> Cước vận chuyển Container hàng 20' tuyến đường PAN HA - VIP. BKS: 15C17301 | S82: =IF(E82=1," hàng 20' ",IF(F82=1," hàng 40' "," vỏ ")) -> hàng 20' | V82: 27
A83: 72 | B83: 46109 | C83: PAN | D83: HACU4181895 | F83: 1 | I83: 15C17301 | J83: PAN HA | K83: HẢI AN, | L83: =E83+F83+G83+H83 -> 1 | M83: {=INDEX('BKTT T4.26'!$N$12:$N$55,MATCH(V83,'BKTT T4.26'!$A$12:$A$55,0),0)} -> 681050 | N83: =L83*M83 -> 681050 | O83: XUAT TAU | P83: oke | R83: =$R$10&S83&$R$9&J83&$S$10&K83&$R$8&I83 -> Cước vận chuyển Container hàng 40' tuyến đường PAN HA - HẢI AN,. BKS: 15C17301 | S83: =IF(E83=1," hàng 20' ",IF(F83=1," hàng 40' "," vỏ ")) -> hàng 40' | V83: 2
A84: 73 | B84: 46109 | C84: PAN | D84: HACU4220733 | F84: 1 | I84: 15C17301 | J84: PAN HA | K84: HẢI AN, | L84: =E84+F84+G84+H84 -> 1 | M84: {=INDEX('BKTT T4.26'!$N$12:$N$55,MATCH(V84,'BKTT T4.26'!$A$12:$A$55,0),0)} -> 681050 | N84: =L84*M84 -> 681050 | O84: XUAT TAU | P84: oke | R84: =$R$10&S84&$R$9&J84&$S$10&K84&$R$8&I84 -> Cước vận chuyển Container hàng 40' tuyến đường PAN HA - HẢI AN,. BKS: 15C17301 | S84: =IF(E84=1," hàng 20' ",IF(F84=1," hàng 40' "," vỏ ")) -> hàng 40' | V84: 2
A85: 74 | B85: 46109 | C85: PAN | D85: CAAU6411796 | F85: 1 | I85: 15C17301 | J85: PAN HA | K85: HẢI AN, | L85: =E85+F85+G85+H85 -> 1 | M85: {=INDEX('BKTT T4.26'!$N$12:$N$55,MATCH(V85,'BKTT T4.26'!$A$12:$A$55,0),0)} -> 681050 | N85: =L85*M85 -> 681050 | O85: XUAT TAU | P85: oke | R85: =$R$10&S85&$R$9&J85&$S$10&K85&$R$8&I85 -> Cước vận chuyển Container hàng 40' tuyến đường PAN HA - HẢI AN,. BKS: 15C17301 | S85: =IF(E85=1," hàng 20' ",IF(F85=1," hàng 40' "," vỏ ")) -> hàng 40' | V85: 2
A86: 75 | B86: 46109 | C86: PAN | D86: GAOU7656331 | F86: 1 | I86: 15C17301 | J86: PAN HA | K86: HẢI AN, | L86: =E86+F86+G86+H86 -> 1 | M86: {=INDEX('BKTT T4.26'!$N$12:$N$55,MATCH(V86,'BKTT T4.26'!$A$12:$A$55,0),0)} -> 681050 | N86: =L86*M86 -> 681050 | O86: XUAT TAU | P86: oke | R86: =$R$10&S86&$R$9&J86&$S$10&K86&$R$8&I86 -> Cước vận chuyển Container hàng 40' tuyến đường PAN HA - HẢI AN,. BKS: 15C17301 | S86: =IF(E86=1," hàng 20' ",IF(F86=1," hàng 40' "," vỏ ")) -> hàng 40' | V86: 2
A87: 76 | B87: 46109 | C87: PAN | D87: SEKU6803106 | F87: 1 | I87: 15C17301 | J87: PAN HA | K87: HẢI AN, | L87: =E87+F87+G87+H87 -> 1 | M87: {=INDEX('BKTT T4.26'!$N$12:$N$55,MATCH(V87,'BKTT T4.26'!$A$12:$A$55,0),0)} -> 681050 | N87: =L87*M87 -> 681050 | O87: XUAT TAU | P87: oke | R87: =$R$10&S87&$R$9&J87&$S$10&K87&$R$8&I87 -> Cước vận chuyển Container hàng 40' tuyến đường PAN HA - HẢI AN,. BKS: 15C17301 | S87: =IF(E87=1," hàng 20' ",IF(F87=1," hàng 40' "," vỏ ")) -> hàng 40' | V87: 2
A88: 77 | B88: 46110 | C88: PAN | D88: HACU4222417 | F88: 1 | I88: 15H18552 | J88: PAN HA | K88: VIP, | L88: =E88+F88+G88+H88 -> 1 | M88: {=INDEX('BKTT T4.26'!$N$12:$N$55,MATCH(V88,'BKTT T4.26'!$A$12:$A$55,0),0)} -> 602510 | N88: =L88*M88 -> 602510 | O88: XUAT TAU | P88: oke | R88: =$R$10&S88&$R$9&J88&$S$10&K88&$R$8&I88 -> Cước vận chuyển Container hàng 40' tuyến đường PAN HA - VIP,. BKS: 15H18552 | S88: =IF(E88=1," hàng 20' ",IF(F88=1," hàng 40' "," vỏ ")) -> hàng 40' | V88: 28
A89: 78 | B89: 46110 | C89: PAN | D89: CAIU6016602 | E89: 1 | I89: 15H18552 | J89: PAN HA | K89: VIP | L89: =E89+F89+G89+H89 -> 1 | M89: {=INDEX('BKTT T4.26'!$N$12:$N$55,MATCH(V89,'BKTT T4.26'!$A$12:$A$55,0),0)} -> 576331 | N89: =L89*M89 -> 576331 | O89: XUAT TAU | P89: oke | R89: =$R$10&S89&$R$9&J89&$S$10&K89&$R$8&I89 -> Cước vận chuyển Container hàng 20' tuyến đường PAN HA - VIP. BKS: 15H18552 | S89: =IF(E89=1," hàng 20' ",IF(F89=1," hàng 40' "," vỏ ")) -> hàng 20' | V89: 27
A90: 79 | B90: 46110 | C90: PAN | D90: GAOU7900495 | F90: 1 | I90: 15H18552 | J90: PAN HA | K90: VIP, | L90: =E90+F90+G90+H90 -> 1 | M90: {=INDEX('BKTT T4.26'!$N$12:$N$55,MATCH(V90,'BKTT T4.26'!$A$12:$A$55,0),0)} -> 602510 | N90: =L90*M90 -> 602510 | O90: XUAT TAU | P90: oke | R90: =$R$10&S90&$R$9&J90&$S$10&K90&$R$8&I90 -> Cước vận chuyển Container hàng 40' tuyến đường PAN HA - VIP,. BKS: 15H18552 | S90: =IF(E90=1," hàng 20' ",IF(F90=1," hàng 40' "," vỏ ")) -> hàng 40' | V90: 28
A91: 80 | B91: 46110 | C91: PAN | D91: HACU4217679 | F91: 1 | I91: 15H18552 | J91: PAN HA | K91: VIP, | L91: =E91+F91+G91+H91 -> 1 | M91: {=INDEX('BKTT T4.26'!$N$12:$N$55,MATCH(V91,'BKTT T4.26'!$A$12:$A$55,0),0)} -> 602510 | N91: =L91*M91 -> 602510 | O91: XUAT TAU | P91: oke | R91: =$R$10&S91&$R$9&J91&$S$10&K91&$R$8&I91 -> Cước vận chuyển Container hàng 40' tuyến đường PAN HA - VIP,. BKS: 15H18552 | S91: =IF(E91=1," hàng 20' ",IF(F91=1," hàng 40' "," vỏ ")) -> hàng 40' | V91: 28
A92: 81 | B92: 46110 | C92: PAN | D92: CAAU9096023 | F92: 1 | I92: 15H18552 | J92: PAN HA | K92: HẢI AN, | L92: =E92+F92+G92+H92 -> 1 | M92: {=INDEX('BKTT T4.26'!$N$12:$N$55,MATCH(V92,'BKTT T4.26'!$A$12:$A$55,0),0)} -> 681050 | N92: =L92*M92 -> 681050 | O92: XUAT TAU | P92: oke | R92: =$R$10&S92&$R$9&J92&$S$10&K92&$R$8&I92 -> Cước vận chuyển Container hàng 40' tuyến đường PAN HA - HẢI AN,. BKS: 15H18552 | S92: =IF(E92=1," hàng 20' ",IF(F92=1," hàng 40' "," vỏ ")) -> hàng 40' | V92: 2
A93: 82 | B93: 46110 | C93: PAN | D93: CAAU6412956 | F93: 1 | I93: 15H18552 | J93: PAN HA | K93: HẢI AN, | L93: =E93+F93+G93+H93 -> 1 | M93: {=INDEX('BKTT T4.26'!$N$12:$N$55,MATCH(V93,'BKTT T4.26'!$A$12:$A$55,0),0)} -> 681050 | N93: =L93*M93 -> 681050 | O93: XUAT TAU | P93: oke | R93: =$R$10&S93&$R$9&J93&$S$10&K93&$R$8&I93 -> Cước vận chuyển Container hàng 40' tuyến đường PAN HA - HẢI AN,. BKS: 15H18552 | S93: =IF(E93=1," hàng 20' ",IF(F93=1," hàng 40' "," vỏ ")) -> hàng 40' | V93: 2
A94: 83 | B94: 46110 | C94: PAN | D94: TCKU1478063 | E94: 1 | I94: 15C17301 | J94: PAN HA | K94: HẢI AN | L94: =E94+F94+G94+H94 -> 1 | M94: {=INDEX('BKTT T4.26'!$N$12:$N$55,MATCH(V94,'BKTT T4.26'!$A$12:$A$55,0),0)} -> 654871 | N94: =L94*M94 -> 654871 | O94: XUAT TAU | P94: oke | R94: =$R$10&S94&$R$9&J94&$S$10&K94&$R$8&I94 -> Cước vận chuyển Container hàng 20' tuyến đường PAN HA - HẢI AN. BKS: 15C17301 | S94: =IF(E94=1," hàng 20' ",IF(F94=1," hàng 40' "," vỏ ")) -> hàng 20' | V94: 1
A95: 84 | B95: 46110 | C95: PAN | D95: HACU2250298 | E95: 1 | I95: 15C17301 | J95: PAN HA | K95: HẢI AN | L95: =E95+F95+G95+H95 -> 1 | M95: {=INDEX('BKTT T4.26'!$N$12:$N$55,MATCH(V95,'BKTT T4.26'!$A$12:$A$55,0),0)} -> 654871 | N95: =L95*M95 -> 654871 | O95: XUAT TAU | P95: sai số cont | R95: =$R$10&S95&$R$9&J95&$S$10&K95&$R$8&I95 -> Cước vận chuyển Container hàng 20' tuyến đường PAN HA - HẢI AN. BKS: 15C17301 | S95: =IF(E95=1," hàng 20' ",IF(F95=1," hàng 40' "," vỏ ")) -> hàng 20' | V95: 1
A96: 85 | B96: 46110 | C96: PAN | D96: CAAU9083284 | F96: 1 | I96: 15C17301 | J96: PAN HA | K96: HẢI AN, | L96: =E96+F96+G96+H96 -> 1 | M96: {=INDEX('BKTT T4.26'!$N$12:$N$55,MATCH(V96,'BKTT T4.26'!$A$12:$A$55,0),0)} -> 681050 | N96: =L96*M96 -> 681050 | O96: XUAT TAU | P96: oke | R96: =$R$10&S96&$R$9&J96&$S$10&K96&$R$8&I96 -> Cước vận chuyển Container hàng 40' tuyến đường PAN HA - HẢI AN,. BKS: 15C17301 | S96: =IF(E96=1," hàng 20' ",IF(F96=1," hàng 40' "," vỏ ")) -> hàng 40' | V96: 2
A97: 86 | B97: 46110 | C97: PAN | D97: SELU4552816 | F97: 1 | I97: 15C17301 | J97: PAN HA | K97: HẢI AN, | L97: =E97+F97+G97+H97 -> 1 | M97: {=INDEX('BKTT T4.26'!$N$12:$N$55,MATCH(V97,'BKTT T4.26'!$A$12:$A$55,0),0)} -> 681050 | N97: =L97*M97 -> 681050 | O97: XUAT TAU | P97: oke | R97: =$R$10&S97&$R$9&J97&$S$10&K97&$R$8&I97 -> Cước vận chuyển Container hàng 40' tuyến đường PAN HA - HẢI AN,. BKS: 15C17301 | S97: =IF(E97=1," hàng 20' ",IF(F97=1," hàng 40' "," vỏ ")) -> hàng 40' | V97: 2
A98: 87 | B98: 46110 | C98: PAN | D98: HACU4181621 | F98: 1 | I98: 15C17301 | J98: PAN HA | K98: HẢI AN, | L98: =E98+F98+G98+H98 -> 1 | M98: {=INDEX('BKTT T4.26'!$N$12:$N$55,MATCH(V98,'BKTT T4.26'!$A$12:$A$55,0),0)} -> 681050 | N98: =L98*M98 -> 681050 | O98: XUAT TAU | P98: oke | R98: =$R$10&S98&$R$9&J98&$S$10&K98&$R$8&I98 -> Cước vận chuyển Container hàng 40' tuyến đường PAN HA - HẢI AN,. BKS: 15C17301 | S98: =IF(E98=1," hàng 20' ",IF(F98=1," hàng 40' "," vỏ ")) -> hàng 40' | V98: 2
A99: 88 | B99: 46110 | C99: PAN | D99: HACU4217112 | F99: 1 | I99: 15H18753 | J99: PAN HA | K99: VIP, | L99: =E99+F99+G99+H99 -> 1 | M99: {=INDEX('BKTT T4.26'!$N$12:$N$55,MATCH(V99,'BKTT T4.26'!$A$12:$A$55,0),0)} -> 602510 | N99: =L99*M99 -> 602510 | O99: XUAT TAU | P99: oke | R99: =$R$10&S99&$R$9&J99&$S$10&K99&$R$8&I99 -> Cước vận chuyển Container hàng 40' tuyến đường PAN HA - VIP,. BKS: 15H18753 | S99: =IF(E99=1," hàng 20' ",IF(F99=1," hàng 40' "," vỏ ")) -> hàng 40' | V99: 28
A100: 89 | B100: 46110 | C100: PAN | D100: SEKU6807307 | F100: 1 | I100: 15H18753 | J100: PAN HA | K100: VIP, | L100: =E100+F100+G100+H100 -> 1 | M100: {=INDEX('BKTT T4.26'!$N$12:$N$55,MATCH(V100,'BKTT T4.26'!$A$12:$A$55,0),0)} -> 602510 | N100: =L100*M100 -> 602510 | O100: XUAT TAU | P100: oke | R100: =$R$10&S100&$R$9&J100&$S$10&K100&$R$8&I100 -> Cước vận chuyển Container hàng 40' tuyến đường PAN HA - VIP,. BKS: 15H18753 | S100: =IF(E100=1," hàng 20' ",IF(F100=1," hàng 40' "," vỏ ")) -> hàng 40' | V100: 28
A101: 90 | B101: 46110 | C101: PAN | D101: HACU4214406 | F101: 1 | I101: 15H18753 | J101: PAN HA | K101: HẢI AN, | L101: =E101+F101+G101+H101 -> 1 | M101: {=INDEX('BKTT T4.26'!$N$12:$N$55,MATCH(V101,'BKTT T4.26'!$A$12:$A$55,0),0)} -> 681050 | N101: =L101*M101 -> 681050 | O101: XUAT TAU | P101: oke | R101: =$R$10&S101&$R$9&J101&$S$10&K101&$R$8&I101 -> Cước vận chuyển Container hàng 40' tuyến đường PAN HA - HẢI AN,. BKS: 15H18753 | S101: =IF(E101=1," hàng 20' ",IF(F101=1," hàng 40' "," vỏ ")) -> hàng 40' | V101: 2
...

Sheet Sheet1
A3: HATECO | B3: PAN HẢI AN | C3: CHUYỂN BÃI | D3: MSK | E3: HASU4838528 | F3: 40HC | G3: E | H3: =F3&G3 -> 40HCE | I3: =A3 -> HATECO | J3: 15H07644 | K3: PHÚC LỘC
A4: HATECO | B4: PAN HẢI AN | C4: CHUYỂN BÃI | D4: MSK | E4: GCXU6254324 | F4: 40HC | G4: E | H4: =F4&G4 -> 40HCE | I4: =A4 -> HATECO | J4: 15H15378 | K4: PHÚC LỘC
A5: HATECO | B5: PAN HẢI AN | C5: CHUYỂN BÃI | D5: MSK | E5: MRKU2870533 | F5: 40HC | G5: E | H5: =F5&G5 -> 40HCE | I5: =A5 -> HATECO | J5: 15H07788 | K5: PHÚC LỘC
A6: HATECO | B6: PAN HẢI AN | C6: CHUYỂN BÃI | D6: MSK | E6: MRSU5143968 | F6: 40HC | G6: E | H6: =F6&G6 -> 40HCE | I6: =A6 -> HATECO | J6: 15H07644 | K6: PHÚC LỘC
A7: HATECO | B7: PAN HẢI AN | C7: CHUYỂN BÃI | D7: HLL | E7: GCXU2335705 | F7: 20GP | G7: E | H7: =F7&G7 -> 20GPE | I7: =A7 -> HATECO | J7: 15H18552 | K7: PHÚC LỘC | L7: WO 801164881
A8: HATECO | B8: PAN HẢI AN | C8: CHUYỂN BÃI | D8: HLL | E8: UACU3879903 | F8: 20GP | G8: E | H8: =F8&G8 -> 20GPE | I8: =A8 -> HATECO | J8: 15H18552 | K8: PHÚC LỘC | L8: WO 801164881
A9: HATECO | B9: PAN HẢI AN | C9: CHUYỂN BÃI | D9: HLL | E9: BMOU1256909 | F9: 20GP | G9: E | H9: =F9&G9 -> 20GPE | I9: =A9 -> HATECO | J9: 15H18552 | K9: PHÚC LỘC | L9: WO 801164881
A10: HATECO | B10: PAN HẢI AN | C10: CHUYỂN BÃI | D10: HLL | E10: BSIU2530157 | F10: 20GP | G10: E | H10: =F10&G10 -> 20GPE | I10: =A10 -> HATECO | J10: 15H18552 | K10: PHÚC LỘC | L10: WO 801164881
A11: HATECO | B11: PAN HẢI AN | C11: CHUYỂN BÃI | D11: HLL | E11: UACU5741889 | F11: 40HC | G11: E | H11: =F11&G11 -> 40HCE | I11: =A11 -> HATECO | J11: 15C17301 | K11: PHÚC LỘC | L11: WO 801164881
A12: HATECO | B12: PAN HẢI AN | C12: CHUYỂN BÃI | D12: HLL | E12: HLBU2188273 | F12: 40HC | G12: E | H12: =F12&G12 -> 40HCE | I12: =A12 -> HATECO | J12: 15H17712 | K12: PHÚC LỘC | L12: WO 801164881
A13: HATECO | B13: PAN HẢI AN | C13: CHUYỂN BÃI | D13: HLL | E13: HAMU1395846 | F13: 40HC | G13: E | H13: =F13&G13 -> 40HCE | I13: =A13 -> HATECO | J13: 15C17301 | K13: PHÚC LỘC | L13: WO 801164881
A14: HATECO | B14: PAN HẢI AN | C14: CHUYỂN BÃI | D14: HLL | E14: HAMU2715158 | F14: 40HC | G14: E | H14: =F14&G14 -> 40HCE | I14: =A14 -> HATECO | J14: 15H17712 | K14: PHÚC LỘC | L14: WO 801164881
A15: HATECO | B15: PAN HẢI AN | C15: CHUYỂN BÃI | D15: HLL | E15: HLBU1567930 | F15: 40HC | G15: E | H15: =F15&G15 -> 40HCE | I15: =A15 -> HATECO | J15: 15H17712 | K15: PHÚC LỘC | L15: WO 801164881
A16: HATECO | B16: PAN HẢI AN | C16: CHUYỂN BÃI | D16: HLL | E16: HAMU3816923 | F16: 40HC | G16: E | H16: =F16&G16 -> 40HCE | I16: =A16 -> HATECO | J16: 15H17712 | K16: PHÚC LỘC | L16: WO 801164881
A17: HATECO | B17: PAN HẢI AN | C17: CHUYỂN BÃI | D17: HLL | E17: HAMU1331878 | F17: 40HC | G17: E | H17: =F17&G17 -> 40HCE | I17: =A17 -> HATECO | J17: 15C17442 | K17: PHÚC LỘC | L17: WO 801164881
A18: HATECO | B18: PAN HẢI AN | C18: CHUYỂN BÃI | D18: HLL | E18: HLBU3145065 | F18: 40HC | G18: E | H18: =F18&G18 -> 40HCE | I18: =A18 -> HATECO | J18: 15H15378 | K18: PHÚC LỘC | L18: WO 801164881
A19: HATECO | B19: PAN HẢI AN | C19: CHUYỂN BÃI | D19: MSK | E19: MSKU4652300 | F19: 45HC | G19: E | H19: =F19&G19 -> 45HCE | I19: =A19 -> HATECO | J19: 15H12925 | K19: PHÚC LỘC
A20: HATECO | B20: PAN HẢI AN | C20: CHUYỂN BÃI | D20: MSK | E20: MSKU4643232 | F20: 45HC | G20: E | H20: =F20&G20 -> 45HCE | I20: =A20 -> HATECO | J20: 15H07788 | K20: PHÚC LỘC
A21: HATECO | B21: PAN HẢI AN | C21: CHUYỂN BÃI | D21: MSK | E21: MSKU4783044 | F21: 45HC | G21: E | H21: =F21&G21 -> 45HCE | I21: =A21 -> HATECO | J21: 15H09877 | K21: PHÚC LỘC
A22: HATECO | B22: PAN HẢI AN | C22: CHUYỂN BÃI | D22: MSK | E22: MAEU9258570 | F22: 45HC | G22: E | H22: =F22&G22 -> 45HCE | I22: =A22 -> HATECO | J22: 15H12925 | K22: PHÚC LỘC
A23: HATECO | B23: PAN HẢI AN | C23: CHUYỂN BÃI | D23: MSK | E23: MAEU9211845 | F23: 45HC | G23: E | H23: =F23&G23 -> 45HCE | I23: =A23 -> HATECO | J23: 15H07788 | K23: PHÚC LỘC
A24: NAM HẢI ĐÌNH VŨ | B24: PAN HẢI AN | C24: CHUYỂN BÃI | D24: HAC1 | E24: SELU4506699 | F24: 40HC | G24: E | H24: =F24&G24 -> 40HCE | I24: =A24 -> NAM HẢI ĐÌNH VŨ | J24: 15H07644 | K24: PHÚC LỘC
A25: NAM HẢI ĐÌNH VŨ | B25: PAN HẢI AN | C25: CHUYỂN BÃI | D25: HAC1 | E25: BEAU5404321 | F25: 40HC | G25: E | H25: =F25&G25 -> 40HCE | I25: =A25 -> NAM HẢI ĐÌNH VŨ | J25: 15H18552 | K25: PHÚC LỘC
A26: NAM HẢI ĐÌNH VŨ | B26: PAN HẢI AN | C26: CHUYỂN BÃI | D26: HAC1 | E26: BEAU5406411 | F26: 40HC | G26: E | H26: =F26&G26 -> 40HCE | I26: =A26 -> NAM HẢI ĐÌNH VŨ | J26: 15C15033 | K26: PHÚC LỘC
A27: NAM HẢI ĐÌNH VŨ | B27: PAN HẢI AN | C27: CHUYỂN BÃI | D27: HAC1 | E27: WBPU7051107 | F27: 40HC | G27: E | H27: =F27&G27 -> 40HCE | I27: =A27 -> NAM HẢI ĐÌNH VŨ | J27: 15H07644 | K27: PHÚC LỘC
A28: NAM HẢI ĐÌNH VŨ | B28: PAN HẢI AN | C28: CHUYỂN BÃI | D28: HAC1 | E28: FBLU0021428 | F28: 40HC | G28: E | H28: =F28&G28 -> 40HCE | I28: =A28 -> NAM HẢI ĐÌNH VŨ | J28: 15C17301 | K28: PHÚC LỘC
A29: NAM HẢI ĐÌNH VŨ | B29: PAN HẢI AN | C29: CHUYỂN BÃI | D29: HAC1 | E29: SELU4563596 | F29: 40HC | G29: E | H29: =F29&G29 -> 40HCE | I29: =A29 -> NAM HẢI ĐÌNH VŨ | J29: 15H07524 | K29: PHÚC LỘC
A30: NAM HẢI ĐÌNH VŨ | B30: PAN HẢI AN | C30: CHUYỂN BÃI | D30: HAC1 | E30: CAIU4287185 | F30: 40HC | G30: E | H30: =F30&G30 -> 40HCE | I30: =A30 -> NAM HẢI ĐÌNH VŨ | J30: 15H08574 | K30: PHÚC LỘC
... A99: HATECO | B99: PAN HẢI AN | C99: CHUYỂN BÃI | D99: MSK | E99: TCNU2732639 | F99: 40HC | G99: E | H99: =F99&G99 -> 40HCE | I99: =A99 -> HATECO | J99: 15H20645 | K99: PHÚC LỘC
A100: HATECO | B100: PAN HẢI AN | C100: CHUYỂN BÃI | D100: HLL | E100: HLBU2447672 | F100: 40HC | G100: E | H100: =F100&G100 -> 40HCE | I100: =A100 -> HATECO | J100: 15C17301 | K100: PHÚC LỘC | L100: WO 801172589
A101: HATECO | B101: PAN HẢI AN | C101: CHUYỂN BÃI | D101: HLL | E101: HLXU8486138 | F101: 40HC | G101: E | H101: =F101&G101 -> 40HCE | I101: =A101 -> HATECO | J101: 15H09877 | K101: PHÚC LỘC | L101: WO 801172589
A102: HATECO | B102: PAN HẢI AN | C102: CHUYỂN BÃI | D102: HLL | E102: BEAU5170162 | F102: 40HC | G102: E | H102: =F102&G102 -> 40HCE | I102: =A102 -> HATECO | J102: 15C17442 | K102: PHÚC LỘC | L102: WO 801172589
A103: HATECO | B103: PAN HẢI AN | C103: CHUYỂN BÃI | D103: HLL | E103: HAMU2058027 | F103: 40HC | G103: E | H103: =F103&G103 -> 40HCE | I103: =A103 -> HATECO | J103: 15C21728 | K103: PHÚC LỘC | L103: WO 801172589
A104: HATECO | B104: PAN HẢI AN | C104: CHUYỂN BÃI | D104: HLL | E104: HAMU3363133 | F104: 40HC | G104: E | H104: =F104&G104 -> 40HCE | I104: =A104 -> HATECO | J104: 15H18552 | K104: PHÚC LỘC | L104: WO 801172589
A105: HATECO | B105: PAN HẢI AN | C105: CHUYỂN BÃI | D105: HLL | E105: HLBU1930496 | F105: 40HC | G105: E | H105: =F105&G105 -> 40HCE | I105: =A105 -> HATECO | J105: 15H08574 | K105: PHÚC LỘC | L105: WO 801172589
A106: HATECO | B106: PAN HẢI AN | C106: CHUYỂN BÃI | D106: HLL | E106: HAMU3142180 | F106: 40HC | G106: E | H106: =F106&G106 -> 40HCE | I106: =A106 -> HATECO | J106: 15C30649 | K106: PHÚC LỘC | L106: WO 801172589
A107: HATECO | B107: PAN HẢI AN | C107: CHUYỂN BÃI | D107: HLL | E107: TCNU1860506 | F107: 40HC | G107: E | H107: =F107&G107 -> 40HCE | I107: =A107 -> HATECO | J107: 15H20645 | K107: PHÚC LỘC | L107: WO 801172589
A108: HATECO | B108: PAN HẢI AN | C108: CHUYỂN BÃI | D108: HLL | E108: HAMU1705453 | F108: 40HC | G108: E | H108: =F108&G108 -> 40HCE | I108: =A108 -> HATECO | J108: 15C17442 | K108: PHÚC LỘC | L108: WO 801172589
A109: HATECO | B109: PAN HẢI AN | C109: CHUYỂN BÃI | D109: HLL | E109: UACU5631433 | F109: 40HC | G109: E | H109: =F109&G109 -> 40HCE | I109: =A109 -> HATECO | J109: 15H09877 | K109: PHÚC LỘC | L109: WO 801172589
A110: HATECO | B110: PAN HẢI AN | C110: CHUYỂN BÃI | D110: HLL | E110: FSCU8238062 | F110: 40HC | G110: E | H110: =F110&G110 -> 40HCE | I110: =A110 -> HATECO | J110: 15C17301 | K110: PHÚC LỘC | L110: WO 801172589
A111: HATECO | B111: PAN HẢI AN | C111: CHUYỂN BÃI | D111: HLL | E111: TEMU7369151 | F111: 40HC | G111: E | H111: =F111&G111 -> 40HCE | I111: =A111 -> HATECO | J111: 15C21728 | K111: PHÚC LỘC | L111: WO 801172589
... A117: HATECO | B117: PAN HẢI AN | C117: CHUYỂN BÃI | D117: HLL | E117: HAMU4061009 | F117: 40HC | G117: E | H117: =F117&G117 -> 40HCE | I117: =A117 -> HATECO | J117: 15H17403 | K117: PHÚC LỘC | L117: WO 801172589
A118: NAM HẢI ĐÌNH VŨ | B118: PAN HẢI AN | C118: CHUYỂN BÃI | D118: HAC1 | E118: EITU1384389 | F118: 40HC | G118: E | H118: =F118&G118 -> 40HCE | I118: =A118 -> NAM HẢI ĐÌNH VŨ | J118: 15H17712 | K118: PHÚC LỘC
A119: NAM HẢI ĐÌNH VŨ | B119: PAN HẢI AN | C119: CHUYỂN BÃI | D119: HAC1 | E119: HACU4214509 | F119: 40HC | G119: E | H119: =F119&G119 -> 40HCE | I119: =A119 -> NAM HẢI ĐÌNH VŨ | J119: 15H09877 | K119: PHÚC LỘC
A120: NAM HẢI ĐÌNH VŨ | B120: PAN HẢI AN | C120: CHUYỂN BÃI | D120: HAC1 | E120: TCLU5895226 | F120: 40HC | G120: E | H120: =F120&G120 -> 40HCE | I120: =A120 -> NAM HẢI ĐÌNH VŨ | J120: 15H08574 | K120: PHÚC LỘC
A121: NAM HẢI ĐÌNH VŨ | B121: PAN HẢI AN | C121: CHUYỂN BÃI | D121: HAC1 | E121: BEAU5406920 | F121: 40HC | G121: E | H121: =F121&G121 -> 40HCE | I121: =A121 -> NAM HẢI ĐÌNH VŨ | J121: 15H07524 | K121: PHÚC LỘC
A122: NAM HẢI ĐÌNH VŨ | B122: PAN HẢI AN | C122: CHUYỂN BÃI | D122: HAC1 | E122: GLDU7733891 | F122: 40HC | G122: E | H122: =F122&G122 -> 40HCE | I122: =A122 -> NAM HẢI ĐÌNH VŨ | J122: 15C17301 | K122: PHÚC LỘC
A123: NAM HẢI ĐÌNH VŨ | B123: PAN HẢI AN | C123: CHUYỂN BÃI | D123: HAC1 | E123: HACU4215969 | F123: 40HC | G123: E | H123: =F123&G123 -> 40HCE | I123: =A123 -> NAM HẢI ĐÌNH VŨ | J123: 15H17712 | K123: PHÚC LỘC
A124: NAM HẢI ĐÌNH VŨ | B124: PAN HẢI AN | C124: CHUYỂN BÃI | D124: HAC1 | E124: HACU4243997 | F124: 40HC | G124: E | H124: =F124&G124 -> 40HCE | I124: =A124 -> NAM HẢI ĐÌNH VŨ | J124: 15H09877 | K124: PHÚC LỘC
A125: NAM HẢI ĐÌNH VŨ | B125: PAN HẢI AN | C125: CHUYỂN BÃI | D125: HAC1 | E125: SELU4564530 | F125: 40HC | G125: E | H125: =F125&G125 -> 40HCE | I125: =A125 -> NAM HẢI ĐÌNH VŨ | J125: 15H07524 | K125: PHÚC LỘC
A126: NAM HẢI ĐÌNH VŨ | B126: PAN HẢI AN | C126: CHUYỂN BÃI | D126: HAC1 | E126: GAOU7629697 | F126: 40HC | G126: E | H126: =F126&G126 -> 40HCE | I126: =A126 -> NAM HẢI ĐÌNH VŨ | J126: 15C17301 | K126: PHÚC LỘC
A127: HATECO | B127: PAN HẢI AN | C127: CHUYỂN BÃI | D127: HLL | E127: HLXU8026370 | F127: 40HC | G127: E | H127: =F127&G127 -> 40HCE | I127: =A127 -> HATECO | J127: 15H20645 | K127: PHÚC LỘC
A128: HATECO | B128: PAN HẢI AN | C128: CHUYỂN BÃI | D128: HLL | E128: HLBU3287265 | F128: 40HC | G128: E | H128: =F128&G128 -> 40HCE | I128: =A128 -> HATECO | J128: 15H07644 | K128: PHÚC LỘC
A129: HATECO | B129: PAN HẢI AN | C129: CHUYỂN BÃI | D129: HLL | E129: HAMU2441123 | F129: 40HC | G129: E | H129: =F129&G129 -> 40HCE | I129: =A129 -> HATECO | J129: 15H15378 | K129: PHÚC LỘC
... A135: HATECO | B135: PAN HẢI AN | C135: CHUYỂN BÃI | D135: HLL | E135: BMOU6609228 | F135: 40HC | G135: E | H135: =F135&G135 -> 40HCE | I135: =A135 -> HATECO | J135: 15H07644 | K135: PHÚC LỘC

Sheet Sheet4
A3: Row Labels | B3: Sum of SỐ CHUYẾN | C3: Sum of CƯỚC CHUYẾN
A4: Cước vận chuyển Container hàng 20' tuyến đường PAN HA - HẢI AN. BKS: 15C09877 | B4: 42 | C4: 27504582 | E4: 42 | F4: 27504582 | G4: =F4/E4 -> 654871
A5: Cước vận chuyển Container hàng 20' tuyến đường PAN HA - HẢI AN. BKS: 15C15033 | B5: 40 | C5: 26194840 | E5: 40 | F5: 26194840 | G5: =F5/E5 -> 654871
A6: Cước vận chuyển Container hàng 20' tuyến đường PAN HA - HẢI AN. BKS: 15C17301 | B6: 27 | C6: 17681517 | E6: 27 | F6: 17681517 | G6: =F6/E6 -> 654871
A7: Cước vận chuyển Container hàng 20' tuyến đường PAN HA - HẢI AN. BKS: 15C17442 | B7: 32 | C7: 20955872 | E7: 32 | F7: 20955872 | G7: =F7/E7 -> 654871
A8: Cước vận chuyển Container hàng 20' tuyến đường PAN HA - HẢI AN. BKS: 15C30649 | B8: 29 | C8: 18991259 | E8: 29 | F8: 18991259 | G8: =F8/E8 -> 654871
A9: Cước vận chuyển Container hàng 20' tuyến đường PAN HA - HẢI AN. BKS: 15H06892 | B9: 8 | C9: 5238968 | E9: 8 | F9: 5238968 | G9: =F9/E9 -> 654871
A10: Cước vận chuyển Container hàng 20' tuyến đường PAN HA - HẢI AN. BKS: 15H07135 | B10: 8 | C10: 5238968 | E10: 8 | F10: 5238968 | G10: =F10/E10 -> 654871
A11: Cước vận chuyển Container hàng 20' tuyến đường PAN HA - HẢI AN. BKS: 15H07524 | B11: 36 | C11: 23575356 | E11: 36 | F11: 23575356 | G11: =F11/E11 -> 654871
A12: Cước vận chuyển Container hàng 20' tuyến đường PAN HA - HẢI AN. BKS: 15H07644 | B12: 20 | C12: 13097420 | E12: 20 | F12: 13097420 | G12: =F12/E12 -> 654871
A13: Cước vận chuyển Container hàng 20' tuyến đường PAN HA - HẢI AN. BKS: 15H07788 | B13: 24 | C13: 15716904 | E13: 24 | F13: 15716904 | G13: =F13/E13 -> 654871
A14: Cước vận chuyển Container hàng 20' tuyến đường PAN HA - HẢI AN. BKS: 15H08574 | B14: 29 | C14: 18991259 | E14: 29 | F14: 18991259 | G14: =F14/E14 -> 654871
A15: Cước vận chuyển Container hàng 20' tuyến đường PAN HA - HẢI AN. BKS: 15H12925 | B15: 3 | C15: 1964613 | E15: 3 | F15: 1964613 | G15: =F15/E15 -> 654871
... A166: Cước vận chuyển Container vỏ tuyến đường PAN HA - VIP. BKS: 15H20645 | B166: 7 | C166: 3851057 | E166: 7 | F166: 3851057 | G166: =F166/E166 -> 550151
A167: (blank)
A168: Grand Total | B168: 1169 | C168: 764422896

Sheet HĐơn
A1: Nội dung HĐ | B1: SỐ CHUYẾN | C1: CƯỚC CHUYẾN
A2: Cước vận chuyển Container hàng 20' tuyến đường PAN HA - NDV. BKS: 15C17442 | B2: 1 | C2: 454158
A3: Cước vận chuyển Container hàng 40' tuyến đường PAN HA - NDV. BKS: 15C17442 | B3: 1 | C3: 489065
A4: Cước vận chuyển Container vỏ tuyến đường HATECO - PAN HA. BKS: 15C17442 | B4: 1 | C4: 1002400
A5: Cước vận chuyển Container vỏ tuyến đường HATECO - PAN HA. BKS: 15H07644 | B5: 1 | C5: 1002400
A6: Cước vận chuyển Container vỏ tuyến đường HATECO - PAN HA. BKS: 15H07644 | B6: 1 | C6: 1002400
A7: Cước vận chuyển Container vỏ tuyến đường HATECO - PAN HA. BKS: 15H07788 | B7: 1 | C7: 1002400
A8: Cước vận chuyển Container hàng 20' tuyến đường PAN HA - HẢI AN. BKS: 15H12925 | B8: 1 | C8: 654871
A9: Cước vận chuyển Container hàng 40' tuyến đường PAN HA - HẢI AN. BKS: 15H12925 | B9: 1 | C9: 681050
A10: Cước vận chuyển Container hàng 40' tuyến đường PAN HA - HẢI AN. BKS: 15H12925 | B10: 1 | C10: 681050
A11: Cước vận chuyển Container hàng 40' tuyến đường PAN HA - HẢI AN. BKS: 15H12925 | B11: 1 | C11: 681050
A12: Cước vận chuyển Container hàng 20' tuyến đường PAN HA - HẢI AN. BKS: 15H07524 | B12: 1 | C12: 654871
A13: Cước vận chuyển Container hàng 20' tuyến đường PAN HA - HẢI AN. BKS: 15H07524 | B13: 1 | C13: 654871
... A1208: Cước vận chuyển Container vỏ tuyến đường PAN HA - HẢI AN. BKS: 15C17442 | B1208: 1 | C1208: 628690

Sheet Trucking (HD)
A2: ĐỀ XUẤT ĐIỀU CHỈNH ĐƠN GIÁ VẬN TẢI PHÚC LỘC 2026 | Q2: ĐIỀU CHỈNH TĂNG TỪ 7-2025
A4: 2. VẬN CHUYỂN SHIPSIDE HÀNG/VỎ XUẤT TÀU: | D4: =D7*1.12 -> 201824
A5: STT | B5: TUYẾN VẬN CHUYỂN | D5: Mức 1 hiện tại T8 - 2021 (dưới 22.000/lít) | G5: Vendor đề xuất (tối thiểu 15%) | J5: Pan đề xuất (tăng 15% tuyến chính, 10% tuyến phụ, 7% HICT) | M5: Ghi chú | N5: ĐƠN GIÁ GỬI 80.000đ | Q5: Tăng tiền gửi từ 80,000 -> 140,000 | T5: ĐIỀU CHỈNH TĂNG 12% TỪ 01/01/2026. GIÁ GỐC CHƯA GỬI | W5: GIÁ CHUẨN TỪ 1/1/2026 | Z5: Đơn giá chưa gửi đang áp dụng 2026 | AC5: ĐƠN GIÁ TRUCKING THÁNG 03/2026 NHÂN TỶ LỆ TĂNG GIÁ DẦU | AG5: ĐƠN GIÁ T03.26 ĐÃ CỘNG GIÁ GỬI - KÝ PHỤ LỤC | AJ5: ĐƠN GIÁ T04.26 ĐÃ CỘNG GIÁ GỬI - KÝ PHỤ LỤC
D6: Vỏ | E6: Hàng 20' | F6: Hàng 40&45 | G6: Vỏ | H6: Hàng 20' | I6: Hàng 40&45 | J6: Vỏ | K6: Hàng 20' | L6: Hàng 40&45 | N6: Vỏ | O6: Hàng 20' | P6: Hàng 40&45 | Q6: Vỏ | R6: Hàng 20' | S6: Hàng 40&45 | T6: Vỏ | U6: Hàng 20' | V6: Hàng 40&45 | W6: Vỏ | X6: Hàng 20' | Y6: Hàng 40&45 | Z6: Vỏ | AA6: Hàng 20' | AB6: Hàng 40&45 | AC6: Vỏ | AD6: Hàng 20' | AE6: Hàng 40&45 | AF6: Tăng | AG6: Vỏ | AH6: Hàng 20' | AI6: Hàng 40&45 | AJ6: Vỏ | AK6: Hàng 20' | AL6: Hàng 40&45
A7: 1 | B7: PAN HA – NAM ĐÌNH VŨ | D7: 180200 | E7: 190800 | F7: 212000 | G7: =D7*1.15 -> 207230 | H7: =E7*1.15 -> 219420 | I7: =F7*1.15 -> 243800 | J7: =D7*1.15 -> 207230 | K7: =E7*1.15 -> 219420 | L7: =F7*1.15 -> 243800 | M7: Tăng 15% | N7: =+J7+80000 -> 287230 | O7: =+K7+80000 -> 299420 | P7: =+L7+80000 -> 323800 | Q7: =N7+60000 -> 347230 | R7: =O7+60000 -> 359420 | S7: =P7+60000 -> 383800 | T7: =+J7*112% -> 232097.6 | U7: =+K7*112% -> 245750.4 | V7: =+L7*112% -> 273056 | W7: =ROUND(T7+140000,0) -> 372098 | X7: =ROUND(U7+140000,0) -> 385750 | Y7: =ROUND(V7+140000,0) -> 413056 | Z7: =W7-140000 -> 232098 | AA7: =X7-140000 -> 245750 | AB7: =Y7-140000 -> 273056 | AC7: =ROUND((Z7*35%*'[1]Giá dầu'!$E$20)+Z7,0) -> 263979 | AD7: =ROUND((AA7*35%*'[1]Giá dầu'!$E$20)+AA7,0) -> 279506 | AE7: =ROUND((AB7*35%*'[1]Giá dầu'!$E$20)+AB7,0) -> 310563 | AF7: =(AC7-Z7)/Z7 -> 0.13736008 | AG7: =AC7+140000 -> 403979 | AH7: =AD7+140000 -> 419506 | AI7: =AE7+140000 -> 450563 | AJ7: 436705 | AK7: 454158 | AL7: 489065
A8: 2 | B8: PAN HA – NAM HẢI ĐÌNH VŨ/VIP GREENPORT/ G – FORTUNE | D8: 249100 | E8: 265000 | F8: 280900 | G8: =D8*1.15 -> 286465 | H8: =E8*1.15 -> 304750 | I8: =F8*1.15 -> 323035 | J8: =D8*1.15 -> 286465 | K8: =E8*1.15 -> 304750 | L8: =F8*1.15 -> 323035 | M8: Tăng 15% | N8: =+J8+80000 -> 366465 | O8: =+K8+80000 -> 384750 | P8: =+L8+80000 -> 403035 | Q8: =N8+60000 -> 426465 | R8: =O8+60000 -> 444750 | S8: =P8+60000 -> 463035 | T8: =+J8*112% -> 320840.8 | U8: =+K8*112% -> 341320 | V8: =+L8*112% -> 361799.2 | W8: =ROUND(T8+140000,0) -> 460841 | X8: =ROUND(U8+140000,0) -> 481320 | Y8: =ROUND(V8+140000,0) -> 501799 | Z8: =W8-140000 -> 320841 | AA8: =X8-140000 -> 341320 | AB8: =Y8-140000 -> 361799 | AC8: =ROUND((Z8*35%*'[1]Giá dầu'!$E$20)+Z8,0) -> 364912 | AD8: =ROUND((AA8*35%*'[1]Giá dầu'!$E$20)+AA8,0) -> 388204 | AE8: =ROUND((AB8*35%*'[1]Giá dầu'!$E$20)+AB8,0) -> 411496 | AF8: =(AC8-Z8)/Z8 -> 0.13736087 | AG8: =AC8+140000 -> 504912 | AH8: =AD8+140000 -> 528204 | AI8: =AE8+140000 -> 551496 | AJ8: 550151 | AK8: 576331 | AL8: 602510
A9: 3 | B9: PAN HA – ĐÌNH VŨ/TÂN VŨ, ICD TÂN CẢNG | D9: 265000 | E9: 275600 | F9: 296800 | G9: =D9*1.15 -> 304750 | H9: =E9*1.15 -> 316940 | I9: =F9*1.15 -> 341320 | J9: =D9*1.15 -> 304750 | K9: =E9*1.15 -> 316940 | L9: =F9*1.15 -> 341320 | M9: Tăng 15% | N9: =+J9+80000 -> 384750 | O9: =+K9+80000 -> 396940 | P9: =+L9+80000 -> 421320 | Q9: =N9+60000 -> 444750 | R9: =O9+60000 -> 456940 | S9: =P9+60000 -> 481320 | T9: =+J9*112% -> 341320 | U9: =+K9*112% -> 354972.8 | V9: =+L9*112% -> 382278.4 | W9: =ROUND(T9+140000,0) -> 481320 | X9: =ROUND(U9+140000,0) -> 494973 | Y9: =ROUND(V9+140000,0) -> 522278 | Z9: =W9-140000 -> 341320 | AA9: =X9-140000 -> 354973 | AB9: =Y9-140000 -> 382278 | AC9: =ROUND((Z9*35%*'[1]Giá dầu'!$E$20)+Z9,0) -> 388204 | AD9: =ROUND((AA9*35%*'[1]Giá dầu'!$E$20)+AA9,0) -> 403732 | AE9: =ROUND((AB9*35%*'[1]Giá dầu'!$E$20)+AB9,0) -> 434788 | AF9: =(AC9-Z9)/Z9 -> 0.13736083 | AG9: =AC9+140000 -> 528204 | AH9: =AD9+140000 -> 543732 | AI9: =AE9+140000 -> 574788 | AJ9: 576331 | AK9: 593784 | AL9: 628690
A10: 4 | B10: PAN HA – PTSC ĐÌNH VŨ | D10: 275600 | E10: 286200 | F10: 307400 | G10: =D10*1.15 -> 316940 | H10: =E10*1.15 -> 329130 | I10: =F10*1.15 -> 353510 | J10: =D10*1.15 -> 316940 | K10: =E10*1.15 -> 329130 | L10: =F10*1.15 -> 353510 | M10: Tăng 15% | N10: =+J10+80000 -> 396940 | O10: =+K10+80000 -> 409130 | P10: =+L10+80000 -> 433510 | Q10: =N10+60000 -> 456940 | R10: =O10+60000 -> 469130 | S10: =P10+60000 -> 493510 | T10: =+J10*112% -> 354972.8 | U10: =+K10*112% -> 368625.6 | V10: =+L10*112% -> 395931.2 | W10: =ROUND(T10+140000,0) -> 494973 | X10: =ROUND(U10+140000,0) -> 508626 | Y10: =ROUND(V10+140000,0) -> 535931 | Z10: =W10-140000 -> 354973 | AA10: =X10-140000 -> 368626 | AB10: =Y10-140000 -> 395931 | AC10: =ROUND((Z10*35%*'[1]Giá dầu'!$E$20)+Z10,0) -> 403732 | AD10: =ROUND((AA10*35%*'[1]Giá dầu'!$E$20)+AA10,0) -> 419261 | AE10: =ROUND((AB10*35%*'[1]Giá dầu'!$E$20)+AB10,0) -> 450316 | AF10: =(AC10-Z10)/Z10 -> 0.13735974 | AG10: =AC10+140000 -> 543732 | AH10: =AD10+140000 -> 559261 | AI10: =AE10+140000 -> 590316 | AJ10: 593784 | AK10: 611238 | AL10: 646143
A11: 5 | B11: PAN HA – TC 189 | D11: 291500 | E11: 296800 | F11: 318000 | G11: =D11*1.15 -> 335225 | H11: =E11*1.15 -> 341320 | I11: =F11*1.15 -> 365700 | J11: =D11*1.15 -> 335225 | K11: =E11*1.15 -> 341320 | L11: =F11*1.15 -> 365700 | M11: Tăng 15% | N11: =+J11+80000 -> 415225 | O11: =+K11+80000 -> 421320 | P11: =+L11+80000 -> 445700 | Q11: =N11+60000 -> 475225 | R11: =O11+60000 -> 481320 | S11: =P11+60000 -> 505700 | T11: =+J11*112% -> 375452 | U11: =+K11*112% -> 382278.4 | V11: =+L11*112% -> 409584 | W11: =ROUND(T11+140000,0) -> 515452 | X11: =ROUND(U11+140000,0) -> 522278 | Y11: =ROUND(V11+140000,0) -> 549584 | Z11: =W11-140000 -> 375452 | AA11: =X11-140000 -> 382278 | AB11: =Y11-140000 -> 409584 | AC11: =ROUND((Z11*35%*'[1]Giá dầu'!$E$20)+Z11,0) -> 427024 | AD11: =ROUND((AA11*35%*'[1]Giá dầu'!$E$20)+AA11,0) -> 434788 | AE11: =ROUND((AB11*35%*'[1]Giá dầu'!$E$20)+AB11,0) -> 465845 | AF11: =(AC11-Z11)/Z11 -> 0.13735977 | AG11: =AC11+140000 -> 567024 | AH11: =AD11+140000 -> 574788 | AI11: =AE11+140000 -> 605845 | AJ11: 619964 | AK11: 628690 | AL11: 663597
A12: 6 | B12: PAN HA – HAI AN | D12: 296800 | E12: 312700 | F12: 328600 | G12: =D12*1.15 -> 341320 | H12: =E12*1.15 -> 359605 | I12: =F12*1.15 -> 377890 | J12: =D12*1.15 -> 341320 | K12: =E12*1.15 -> 359605 | L12: =F12*1.15 -> 377890 | M12: Tăng 15% | N12: =+J12+80000 -> 421320 | O12: =+K12+80000 -> 439605 | P12: =+L12+80000 -> 457890 | Q12: =N12+60000 -> 481320 | R12: =O12+60000 -> 499605 | S12: =P12+60000 -> 517890 | T12: =+J12*112% -> 382278.4 | U12: =+K12*112% -> 402757.6 | V12: =+L12*112% -> 423236.8 | W12: =ROUND(T12+140000,0) -> 522278 | X12: =ROUND(U12+140000,0) -> 542758 | Y12: =ROUND(V12+140000,0) -> 563237 | Z12: =W12-140000 -> 382278 | AA12: =X12-140000 -> 402758 | AB12: =Y12-140000 -> 423237 | AC12: =ROUND((Z12*35%*'[1]Giá dầu'!$E$20)+Z12,0) -> 434788 | AD12: =ROUND((AA12*35%*'[1]Giá dầu'!$E$20)+AA12,0) -> 458081 | AE12: =ROUND((AB12*35%*'[1]Giá dầu'!$E$20)+AB12,0) -> 481373 | AF12: =(AC12-Z12)/Z12 -> 0.13736077 | AG12: =AC12+140000 -> 574788 | AH12: =AD12+140000 -> 598081 | AI12: =AE12+140000 -> 621373 | AJ12: 628690 | AK12: 654871 | AL12: 681050
A13: 7 | B13: PAN HA - 128 | D13: 344500 | E13: 360400 | F13: 376300 | G13: =D13*1.15 -> 396175 | H13: =E13*1.15 -> 414460 | I13: =F13*1.15 -> 432745 | J13: =D13*1.15 -> 396175 | K13: =E13*1.15 -> 414460 | L13: =F13*1.15 -> 432745 | M13: Tăng 15% | N13: =+J13+80000 -> 476175 | O13: =+K13+80000 -> 494460 | P13: =+L13+80000 -> 512745 | Q13: =N13+60000 -> 536175 | R13: =O13+60000 -> 554460 | S13: =P13+60000 -> 572745 | T13: =+J13*112% -> 443716 | U13: =+K13*112% -> 464195.2 | V13: =+L13*112% -> 484674.4 | W13: =ROUND(T13+140000,0) -> 583716 | X13: =ROUND(U13+140000,0) -> 604195 | Y13: =ROUND(V13+140000,0) -> 624674 | Z13: =W13-140000 -> 443716 | AA13: =X13-140000 -> 464195 | AB13: =Y13-140000 -> 484674 | AC13: =ROUND((Z13*35%*'[1]Giá dầu'!$E$20)+Z13,0) -> 504665 | AD13: =ROUND((AA13*35%*'[1]Giá dầu'!$E$20)+AA13,0) -> 527957 | AE13: =ROUND((AB13*35%*'[1]Giá dầu'!$E$20)+AB13,0) -> 551249 | AF13: =(AC13-Z13)/Z13 -> 0.13736038 | AG13: =AC13+140000 -> 644665 | AH13: =AD13+140000 -> 667957 | AI13: =AE13+140000 -> 691249 | AJ13: 707230 | AK13: 733409 | AL13: 759589
A14: 8 | B14: PAN HA - GREENPORT /CHÙA VẼ | D14: 381600 | E14: 397500 | F14: 413400 | G14: =D14*1.15 -> 438840 | H14: =E14*1.15 -> 457125 | I14: =F14*1.15 -> 475410 | J14: =D14*1.1 -> 419760 | K14: =E14*1.1 -> 437250 | L14: =F14*1.1 -> 454740 | M14: Tăng 10% | N14: =+J14+80000 -> 499760 | O14: =+K14+80000 -> 517250 | P14: =+L14+80000 -> 534740 | Q14: =N14+60000 -> 559760 | R14: =O14+60000 -> 577250 | S14: =P14+60000 -> 594740 | T14: =+J14*112% -> 470131.2 | U14: =+K14*112% -> 489720 | V14: =+L14*112% -> 509308.8 | W14: =ROUND(T14+140000,0) -> 610131 | X14: =ROUND(U14+140000,0) -> 629720 | Y14: =ROUND(V14+140000,0) -> 649309 | Z14: =W14-140000 -> 470131 | AA14: =X14-140000 -> 489720 | AB14: =Y14-140000 -> 509309 | AC14: =ROUND((Z14*35%*'[1]Giá dầu'!$E$20)+Z14,0) -> 534709 | AD14: =ROUND((AA14*35%*'[1]Giá dầu'!$E$20)+AA14,0) -> 556988 | AE14: =ROUND((AB14*35%*'[1]Giá dầu'!$E$20)+AB14,0) -> 579268 | AF14: =(AC14-Z14)/Z14 -> 0.13736171 | AG14: =AC14+140000 -> 674709 | AH14: =AD14+140000 -> 696988 | AI14: =AE14+140000 -> 719268 | AJ14: 740998 | AK14: 766040 | AL14: 791082
A15: 9 | B15: PAN HA – NAM HẢI LÊ CHÂN | D15: 455800 | E15: 471700 | F15: 487600 | G15: =D15*1.15 -> 524170 | H15: =E15*1.15 -> 542455 | I15: =F15*1.15 -> 560740 | J15: =D15*1.1 -> 501380 | K15: =E15*1.1 -> 518870 | L15: =F15*1.1 -> 536360 | M15: Tăng 10% | N15: =+J15+80000 -> 581380 | O15: =+K15+80000 -> 598870 | P15: =+L15+80000 -> 616360 | Q15: =N15+60000 -> 641380 | R15: =O15+60000 -> 658870 | S15: =P15+60000 -> 676360 | T15: =+J15*112% -> 561545.6 | U15: =+K15*112% -> 581134.4 | V15: =+L15*112% -> 600723.2 | W15: =ROUND(T15+140000,0) -> 701546 | X15: =ROUND(U15+140000,0) -> 721134 | Y15: =ROUND(V15+140000,0) -> 740723 | Z15: =W15-140000 -> 561546 | AA15: =X15-140000 -> 581134 | AB15: =Y15-140000 -> 600723 | AC15: =ROUND((Z15*35%*'[1]Giá dầu'!$E$20)+Z15,0) -> 638681 | AD15: =ROUND((AA15*35%*'[1]Giá dầu'!$E$20)+AA15,0) -> 660959 | AE15: =ROUND((AB15*35%*'[1]Giá dầu'!$E$20)+AB15,0) -> 683239 | AF15: =(AC15-Z15)/Z15 -> 0.13736185 | AG15: =AC15+140000 -> 778681 | AH15: =AD15+140000 -> 800959 | AI15: =AE15+140000 -> 823239 | AJ15: 857859 | AK15: 882900 | AL15: 907942
A16: 10 | B16: SAO Á - PAN HA | D16: 275600 | E16: 291500 | F16: 307400 | G16: =D16*1.15 -> 316940 | H16: =E16*1.15 -> 335225 | I16: =F16*1.15 -> 353510 | J16: =D16*1.1 -> 303160 | K16: =E16*1.1 -> 320650 | L16: =F16*1.1 -> 338140 | M16: Tăng 10% | N16: =+J16+80000 -> 383160 | O16: =+K16+80000 -> 400650 | P16: =+L16+80000 -> 418140 | Q16: =N16+60000 -> 443160 | R16: =O16+60000 -> 460650 | S16: =P16+60000 -> 478140 | T16: =+J16*112% -> 339539.2 | U16: =+K16*112% -> 359128 | V16: =+L16*112% -> 378716.8 | W16: =ROUND(T16+140000,0) -> 479539 | X16: =ROUND(U16+140000,0) -> 499128 | Y16: =ROUND(V16+140000,0) -> 518717 | Z16: =W16-140000 -> 339539 | AA16: =X16-140000 -> 359128 | AB16: =Y16-140000 -> 378717 | AC16: =ROUND((Z16*35%*'[1]Giá dầu'!$E$20)+Z16,0) -> 386178 | AD16: =ROUND((AA16*35%*'[1]Giá dầu'!$E$20)+AA16,0) -> 408458 | AE16: =ROUND((AB16*35%*'[1]Giá dầu'!$E$20)+AB16,0) -> 430738 | AF16: =(AC16-Z16)/Z16 -> 0.13735977 | AG16: =AC16+140000 -> 526178 | AH16: =AD16+140000 -> 548458 | AI16: =AE16+140000 -> 570738 | AJ16: 574054 | AK16: 599096 | AL16: 624138
A17: 11 | B17: PAN HA - YUSEN | D17: 275600 | E17: 291500 | F17: 307400 | G17: =D17*1.15 -> 316940 | H17: =E17*1.15 -> 335225 | I17: =F17*1.15 -> 353510 | J17: =D17*1.1 -> 303160 | K17: =E17*1.1 -> 320650 | L17: =F17*1.1 -> 338140 | M17: Tăng 10% | N17: =+J17+80000 -> 383160 | O17: =+K17+80000 -> 400650 | P17: =+L17+80000 -> 418140 | Q17: =N17+60000 -> 443160 | R17: =O17+60000 -> 460650 | S17: =P17+60000 -> 478140 | T17: =+J17*112% -> 339539.2 | U17: =+K17*112% -> 359128 | V17: =+L17*112% -> 378716.8 | W17: =ROUND(T17+140000,0) -> 479539 | X17: =ROUND(U17+140000,0) -> 499128 | Y17: =ROUND(V17+140000,0) -> 518717 | Z17: =W17-140000 -> 339539 | AA17: =X17-140000 -> 359128 | AB17: =Y17-140000 -> 378717 | AC17: =ROUND((Z17*35%*'[1]Giá dầu'!$E$20)+Z17,0) -> 386178 | AD17: =ROUND((AA17*35%*'[1]Giá dầu'!$E$20)+AA17,0) -> 408458 | AE17: =ROUND((AB17*35%*'[1]Giá dầu'!$E$20)+AB17,0) -> 430738 | AF17: =(AC17-Z17)/Z17 -> 0.13735977 | AG17: =AC17+140000 -> 526178 | AH17: =AD17+140000 -> 548458 | AI17: =AE17+140000 -> 570738 | AJ17: 574054 | AK17: 599096 | AL17: 624138
A18: 12 | B18: PAN HA - VIMADECO | D18: 408100 | E18: 424000 | F18: 439900 | G18: =D18*1.15 -> 469315 | H18: =E18*1.15 -> 487600 | I18: =F18*1.15 -> 505885 | J18: =D18*1.1 -> 448910 | K18: =E18*1.1 -> 466400 | L18: =F18*1.1 -> 483890 | M18: Tăng 10% | N18: =+J18+80000 -> 528910 | O18: =+K18+80000 -> 546400 | P18: =+L18+80000 -> 563890 | Q18: =N18+60000 -> 588910 | R18: =O18+60000 -> 606400 | S18: =P18+60000 -> 623890 | T18: =+J18*112% -> 502779.2 | U18: =+K18*112% -> 522368 | V18: =+L18*112% -> 541956.8 | W18: =ROUND(T18+140000,0) -> 642779 | X18: =ROUND(U18+140000,0) -> 662368 | Y18: =ROUND(V18+140000,0) -> 681957 | Z18: =W18-140000 -> 502779 | AA18: =X18-140000 -> 522368 | AB18: =Y18-140000 -> 541957 | AC18: =ROUND((Z18*35%*'[1]Giá dầu'!$E$20)+Z18,0) -> 571841 | AD18: =ROUND((AA18*35%*'[1]Giá dầu'!$E$20)+AA18,0) -> 594121 | AE18: =ROUND((AB18*35%*'[1]Giá dầu'!$E$20)+AB18,0) -> 616401 | AF18: =(AC18-Z18)/Z18 -> 0.13736055 | AG18: =AC18+140000 -> 711841 | AH18: =AD18+140000 -> 734121 | AI18: =AE18+140000 -> 756401 | AJ18: 782734 | AK18: 807776 | AL18: 832818
A19: 13 | B19: PAN HA - NAM HAI ICD | D19: 249100 | E19: 265000 | F19: 280900 | G19: =D19*1.15 -> 286465 | H19: =E19*1.15 -> 304750 | I19: =F19*1.15 -> 323035 | J19: =D19*1.1 -> 274010 | K19: =E19*1.1 -> 291500 | L19: =F19*1.1 -> 308990 | M19: Tăng 10% | N19: =+J19+80000 -> 354010 | O19: =+K19+80000 -> 371500 | P19: =+L19+80000 -> 388990 | Q19: =N19+60000 -> 414010 | R19: =O19+60000 -> 431500 | S19: =P19+60000 -> 448990 | T19: =+J19*112% -> 306891.2 | U19: =+K19*112% -> 326480 | V19: =+L19*112% -> 346068.8 | W19: =ROUND(T19+140000,0) -> 446891 | X19: =ROUND(U19+140000,0) -> 466480 | Y19: =ROUND(V19+140000,0) -> 486069 | Z19: =W19-140000 -> 306891 | AA19: =X19-140000 -> 326480 | AB19: =Y19-140000 -> 346069 | AC19: =ROUND((Z19*35%*'[1]Giá dầu'!$E$20)+Z19,0) -> 349046 | AD19: =ROUND((AA19*35%*'[1]Giá dầu'!$E$20)+AA19,0) -> 371326 | AE19: =ROUND((AB19*35%*'[1]Giá dầu'!$E$20)+AB19,0) -> 393605 | AF19: =(AC19-Z19)/Z19 -> 0.13736147 | AG19: =AC19+140000 -> 489046 | AH19: =AD19+140000 -> 511326 | AI19: =AE19+140000 -> 533605 | AJ19: 532318 | AK19: 557360 | AL19: 582402
A20: 14 | B20: HICT - PAN HA | J20: =D20*1.15 -> 0 | K20: =E20*1.15 -> 0 | L20: =F20*1.15 -> 0 | M20: Tăng 7% | N20: =+J20+80000 -> 80000 | O20: =+K20+80000 -> 80000 | P20: =+L20+80000 -> 80000 | Q20: =N20+60000 -> 140000 | R20: =O20+60000 -> 140000 | S20: =P20+60000 -> 140000 | T20: =+J20*112% -> 0 | U20: =+K20*112% -> 0 | V20: =+L20*112% -> 0
A22: 3. VẬN CHUYỂN CHUYỂN BÃI/CẢNG:
A23: STT | B23: TUYẾN VẬN CHUYỂN | D23: Mức 1 T8 - 2021 (dưới 22.000/lít) | G23: Vendor đề xuất (tối thiểu 15%) | J23: Pan đề xuất (tăng 15% tuyến chính, 10% tuyến phụ, 7% HICT) | M23: Ghi chú
D24: Vỏ | E24: Hàng 20' | F24: Hàng 40&45 | G24: Vỏ | H24: Hàng 20' | I24: Hàng 40&45 | J24: Vỏ | K24: Hàng 20' | L24: Hàng 40&45 | Q24: Vỏ | R24: Hàng 20' | S24: Hàng 40&45 | T24: Vỏ | U24: Hàng 20' | V24: Hàng 40&45 | W24: Vỏ | X24: Hàng 20' | Y24: Hàng 40&45 | Z24: Vỏ | AA24: Hàng 20' | AB24: Hàng 40&45 | AC24: Vỏ | AD24: Hàng 20' | AE24: Hàng 40&45 | AF24: Tăng | AG24: Vỏ | AH24: Hàng 20' | AI24: Hàng 40&45 | AJ24: Vỏ | AK24: Hàng 20' | AL24: Hàng 40&45
A25: 1 | B25: PAN HA – NAM ĐÌNH VŨ | D25: 260000 | E25: 212000 | F25: 233200 | G25: =D25*1.15 -> 299000 | H25: =E25*1.15 -> 243800 | I25: =F25*1.15 -> 268180 | J25: =D25*1.15 -> 299000 | K25: =E25*1.15 -> 243800 | L25: =F25*1.15 -> 268180 | M25: Tăng 15% | N25: =+J25+80000 -> 379000 | O25: =+K25+80000 -> 323800 | P25: =+L25+80000 -> 348180 | Q25: =N25+60000 -> 439000 | R25: =O25+60000 -> 383800 | S25: =P25+60000 -> 408180 | T25: =+J25*112% -> 334880 | U25: =+K25*112% -> 273056 | V25: =+L25*112% -> 300361.6 | W25: =ROUND(T25+140000,0) -> 474880 | X25: =ROUND(U25+140000,0) -> 413056 | Y25: =ROUND(V25+140000,0) -> 440362 | Z25: =W25-140000 -> 334880 | AA25: =X25-140000 -> 273056 | AB25: =Y25-140000 -> 300362 | AC25: =ROUND((Z25*35%*'[1]Giá dầu'!$E$20)+Z25,0) -> 380879 | AD25: =ROUND((AA25*35%*'[1]Giá dầu'!$E$20)+AA25,0) -> 310563 | AE25: =ROUND((AB25*35%*'[1]Giá dầu'!$E$20)+AB25,0) -> 341620 | AF25: =(AC25-Z25)/Z25 -> 0.13735965 | AG25: =AC25+140000 -> 520879 | AH25: =AD25+140000 -> 450563 | AI25: =AE25+140000 -> 481620 | AJ25: 568098 | AK25: 489065 | AL25: 523972
A26: 2 | B26: PAN HA – NAM HẢI ĐÌNH VŨ/VIP GREENPORT/ G – FORTUNE | D26: 270300 | E26: 286200 | F26: 302100 | G26: =D26*1.15 -> 310845 | H26: =E26*1.15 -> 329130 | I26: =F26*1.15 -> 347415 | J26: =D26*1.15 -> 310845 | K26: =E26*1.15 -> 329130 | L26: =F26*1.15 -> 347415 | M26: Tăng 15% | N26: =+J26+80000 -> 390845 | O26: =+K26+80000 -> 409130 | P26: =+L26+80000 -> 427415 | Q26: =N26+60000 -> 450845 | R26: =O26+60000 -> 469130 | S26: =P26+60000 -> 487415 | T26: =+J26*112% -> 348146.4 | U26: =+K26*112% -> 368625.6 | V26: =+L26*112% -> 389104.8 | W26: =ROUND(T26+140000,0) -> 488146 | X26: =ROUND(U26+140000,0) -> 508626 | Y26: =ROUND(V26+140000,0) -> 529105 | Z26: =W26-140000 -> 348146 | AA26: =X26-140000 -> 368626 | AB26: =Y26-140000 -> 389105 | AC26: =ROUND((Z26*35%*'[1]Giá dầu'!$E$20)+Z26,0) -> 395968 | AD26: =ROUND((AA26*35%*'[1]Giá dầu'!$E$20)+AA26,0) -> 419261 | AE26: =ROUND((AB26*35%*'[1]Giá dầu'!$E$20)+AB26,0) -> 442553 | AF26: =(AC26-Z26)/Z26 -> 0.13736191 | AG26: =AC26+140000 -> 535968 | AH26: =AD26+140000 -> 559261 | AI26: =AE26+140000 -> 582553 | AJ26: 585057 | AK26: 611238 | AL26: 637417
A27: 3 | B27: PAN HA – ĐÌNH VŨ/TÂN VŨ, ICD TÂN CẢNG | D27: 286200 | E27: 296800 | F27: 318000 | G27: =D27*1.15 -> 329130 | H27: =E27*1.15 -> 341320 | I27: =F27*1.15 -> 365700 | J27: =D27*1.15 -> 329130 | K27: =E27*1.15 -> 341320 | L27: =F27*1.15 -> 365700 | M27: Tăng 15% | N27: =+J27+80000 -> 409130 | O27: =+K27+80000 -> 421320 | P27: =+L27+80000 -> 445700 | Q27: =N27+60000 -> 469130 | R27: =O27+60000 -> 481320 | S27: =P27+60000 -> 505700 | T27: =+J27*112% -> 368625.6 | U27: =+K27*112% -> 382278.4 | V27: =+L27*112% -> 409584 | W27: =ROUND(T27+140000,0) -> 508626 | X27: =ROUND(U27+140000,0) -> 522278 | Y27: =ROUND(V27+140000,0) -> 549584 | Z27: =W27-140000 -> 368626 | AA27: =X27-140000 -> 382278 | AB27: =Y27-140000 -> 409584 | AC27: =ROUND((Z27*35%*'[1]Giá dầu'!$E$20)+Z27,0) -> 419261 | AD27: =ROUND((AA27*35%*'[1]Giá dầu'!$E$20)+AA27,0) -> 434788 | AE27: =ROUND((AB27*35%*'[1]Giá dầu'!$E$20)+AB27,0) -> 465845 | AF27: =(AC27-Z27)/Z27 -> 0.13736144 | AG27: =AC27+140000 -> 559261 | AH27: =AD27+140000 -> 574788 | AI27: =AE27+140000 -> 605845 | AJ27: 611238 | AK27: 628690 | AL27: 663597
A28: 4 | B28: PAN HA – PTSC ĐÌNH VŨ | D28: 296800 | E28: 307400 | F28: 328600 | G28: =D28*1.15 -> 341320 | H28: =E28*1.15 -> 353510 | I28: =F28*1.15 -> 377890 | J28: =D28*1.15 -> 341320 | K28: =E28*1.15 -> 353510 | L28: =F28*1.15 -> 377890 | M28: Tăng 15% | N28: =+J28+80000 -> 421320 | O28: =+K28+80000 -> 433510 | P28: =+L28+80000 -> 457890 | Q28: =N28+60000 -> 481320 | R28: =O28+60000 -> 493510 | S28: =P28+60000 -> 517890 | T28: =+J28*112% -> 382278.4 | U28: =+K28*112% -> 395931.2 | V28: =+L28*112% -> 423236.8 | W28: =ROUND(T28+140000,0) -> 522278 | X28: =ROUND(U28+140000,0) -> 535931 | Y28: =ROUND(V28+140000,0) -> 563237 | Z28: =W28-140000 -> 382278 | AA28: =X28-140000 -> 395931 | AB28: =Y28-140000 -> 423237 | AC28: =ROUND((Z28*35%*'[1]Giá dầu'!$E$20)+Z28,0) -> 434788 | AD28: =ROUND((AA28*35%*'[1]Giá dầu'!$E$20)+AA28,0) -> 450316 | AE28: =ROUND((AB28*35%*'[1]Giá dầu'!$E$20)+AB28,0) -> 481373 | AF28: =(AC28-Z28)/Z28 -> 0.13736077 | AG28: =AC28+140000 -> 574788 | AH28: =AD28+140000 -> 590316 | AI28: =AE28+140000 -> 621373 | AJ28: 628690 | AK28: 646143 | AL28: 681050
A29: 5 | B29: PAN HA – TC 189 | D29: 312700 | E29: 318000 | F29: 339200 | G29: =D29*1.15 -> 359605 | H29: =E29*1.15 -> 365700 | I29: =F29*1.15 -> 390080 | J29: =D29*1.15 -> 359605 | K29: =E29*1.15 -> 365700 | L29: =F29*1.15 -> 390080 | M29: Tăng 15% | N29: =+J29+80000 -> 439605 | O29: =+K29+80000 -> 445700 | P29: =+L29+80000 -> 470080 | Q29: =N29+60000 -> 499605 | R29: =O29+60000 -> 505700 | S29: =P29+60000 -> 530080 | T29: =+J29*112% -> 402757.6 | U29: =+K29*112% -> 409584 | V29: =+L29*112% -> 436889.6 | W29: =ROUND(T29+140000,0) -> 542758 | X29: =ROUND(U29+140000,0) -> 549584 | Y29: =ROUND(V29+140000,0) -> 576890 | Z29: =W29-140000 -> 402758 | AA29: =X29-140000 -> 409584 | AB29: =Y29-140000 -> 436890 | AC29: =ROUND((Z29*35%*'[1]Giá dầu'!$E$20)+Z29,0) -> 458081 | AD29: =ROUND((AA29*35%*'[1]Giá dầu'!$E$20)+AA29,0) -> 465845 | AE29: =ROUND((AB29*35%*'[1]Giá dầu'!$E$20)+AB29,0) -> 496902 | AF29: =(AC29-Z29)/Z29 -> 0.1373604 | AG29: =AC29+140000 -> 598081 | AH29: =AD29+140000 -> 605845 | AI29: =AE29+140000 -> 636902 | AJ29: 654871 | AK29: 663597 | AL29: 698504
A30: 6 | B30: PAN HA – HAI AN | D30: 318000 | E30: 333900 | F30: 349800 | G30: =D30*1.15 -> 365700 | H30: =E30*1.15 -> 383985 | I30: =F30*1.15 -> 402270 | J30: =D30*1.15 -> 365700 | K30: =E30*1.15 -> 383985 | L30: =F30*1.15 -> 402270 | M30: Tăng 15% | N30: =+J30+80000 -> 445700 | O30: =+K30+80000 -> 463985 | P30: =+L30+80000 -> 482270 | Q30: =N30+60000 -> 505700 | R30: =O30+60000 -> 523985 | S30: =P30+60000 -> 542270 | T30: =+J30*112% -> 409584 | U30: =+K30*112% -> 430063.2 | V30: =+L30*112% -> 450542.4 | W30: =ROUND(T30+140000,0) -> 549584 | X30: =ROUND(U30+140000,0) -> 570063 | Y30: =ROUND(V30+140000,0) -> 590542 | Z30: =W30-140000 -> 409584 | AA30: =X30-140000 -> 430063 | AB30: =Y30-140000 -> 450542 | AC30: =ROUND((Z30*35%*'[1]Giá dầu'!$E$20)+Z30,0) -> 465845 | AD30: =ROUND((AA30*35%*'[1]Giá dầu'!$E$20)+AA30,0) -> 489137 | AE30: =ROUND((AB30*35%*'[1]Giá dầu'!$E$20)+AB30,0) -> 512429 | AF30: =(AC30-Z30)/Z30 -> 0.13736132 | AG30: =AC30+140000 -> 605845 | AH30: =AD30+140000 -> 629137 | AI30: =AE30+140000 -> 652429 | AJ30: 663597 | AK30: 689776 | AL30: 715956
A31: 7 | B31: PAN HA - 128 | D31: 365700 | E31: 381600 | F31: 397500 | G31: =D31*1.15 -> 420555 | H31: =E31*1.15 -> 438840 | I31: =F31*1.15 -> 457125 | J31: =D31*1.15 -> 420555 | K31: =E31*1.15 -> 438840 | L31: =F31*1.15 -> 457125 | M31: Tăng 15% | N31: =+J31+80000 -> 500555 | O31: =+K31+80000 -> 518840 | P31: =+L31+80000 -> 537125 | Q31: =N31+60000 -> 560555 | R31: =O31+60000 -> 578840 | S31: =P31+60000 -> 597125 | T31: =+J31*112% -> 471021.6 | U31: =+K31*112% -> 491500.8 | V31: =+L31*112% -> 511980 | W31: =ROUND(T31+140000,0) -> 611022 | X31: =ROUND(U31+140000,0) -> 631501 | Y31: =ROUND(V31+140000,0) -> 651980 | Z31: =W31-140000 -> 471022 | AA31: =X31-140000 -> 491501 | AB31: =Y31-140000 -> 511980 | AC31: =ROUND((Z31*35%*'[1]Giá dầu'!$E$20)+Z31,0) -> 535722 | AD31: =ROUND((AA31*35%*'[1]Giá dầu'!$E$20)+AA31,0) -> 559014 | AE31: =ROUND((AB31*35%*'[1]Giá dầu'!$E$20)+AB31,0) -> 582306 | AF31: =(AC31-Z31)/Z31 -> 0.13736089 | AG31: =AC31+140000 -> 675722 | AH31: =AD31+140000 -> 699014 | AI31: =AE31+140000 -> 722306 | AJ31: 742137 | AK31: 768316 | AL31: 794496
A32: 8 | B32: PAN HA - GREENPORT /CHÙA VẼ | D32: 402800 | E32: 418700 | F32: 434600 | G32: =D32*1.15 -> 463220 | H32: =E32*1.15 -> 481505 | I32: =F32*1.15 -> 499790 | J32: =D32*1.1 -> 443080 | K32: =E32*1.1 -> 460570 | L32: =F32*1.1 -> 478060 | M32: Tăng 10% | N32: =+J32+80000 -> 523080 | O32: =+K32+80000 -> 540570 | P32: =+L32+80000 -> 558060 | Q32: =N32+60000 -> 583080 | R32: =O32+60000 -> 600570 | S32: =P32+60000 -> 618060 | T32: =+J32*112% -> 496249.6 | U32: =+K32*112% -> 515838.4 | V32: =+L32*112% -> 535427.2 | W32: =ROUND(T32+140000,0) -> 636250 | X32: =ROUND(U32+140000,0) -> 655838 | Y32: =ROUND(V32+140000,0) -> 675427 | Z32: =W32-140000 -> 496250 | AA32: =X32-140000 -> 515838 | AB32: =Y32-140000 -> 535427 | AC32: =ROUND((Z32*35%*'[1]Giá dầu'!$E$20)+Z32,0) -> 564415 | AD32: =ROUND((AA32*35%*'[1]Giá dầu'!$E$20)+AA32,0) -> 586694 | AE32: =ROUND((AB32*35%*'[1]Giá dầu'!$E$20)+AB32,0) -> 608974 | AF32: =(AC32-Z32)/Z32 -> 0.1373602 | AG32: =AC32+140000 -> 704415 | AH32: =AD32+140000 -> 726694 | AI32: =AE32+140000 -> 748974 | AJ32: 774387 | AK32: 799428 | AL32: 824470
A33: 9 | B33: PAN HA – NAM HẢI LÊ CHÂN | D33: 477000 | E33: 492900 | F33: 508800 | G33: =D33*1.15 -> 548550 | H33: =E33*1.15 -> 566835 | I33: =F33*1.15 -> 585120 | J33: =D33*1.1 -> 524700 | K33: =E33*1.1 -> 542190 | L33: =F33*1.1 -> 559680 | M33: Tăng 10% | N33: =+J33+80000 -> 604700 | O33: =+K33+80000 -> 622190 | P33: =+L33+80000 -> 639680 | Q33: =N33+60000 -> 664700 | R33: =O33+60000 -> 682190 | S33: =P33+60000 -> 699680 | T33: =+J33*112% -> 587664 | U33: =+K33*112% -> 607252.8 | V33: =+L33*112% -> 626841.6 | W33: =ROUND(T33+140000,0) -> 727664 | X33: =ROUND(U33+140000,0) -> 747253 | Y33: =ROUND(V33+140000,0) -> 766842 | Z33: =W33-140000 -> 587664 | AA33: =X33-140000 -> 607253 | AB33: =Y33-140000 -> 626842 | AC33: =ROUND((Z33*35%*'[1]Giá dầu'!$E$20)+Z33,0) -> 668386 | AD33: =ROUND((AA33*35%*'[1]Giá dầu'!$E$20)+AA33,0) -> 690666 | AE33: =ROUND((AB33*35%*'[1]Giá dầu'!$E$20)+AB33,0) -> 712946 | AF33: =(AC33-Z33)/Z33 -> 0.1373608 | AG33: =AC33+140000 -> 808386 | AH33: =AD33+140000 -> 830666 | AI33: =AE33+140000 -> 852946 | AJ33: 891248 | AK33: 916289 | AL33: 941331
A34: 10 | B34: SAO Á - PAN HA | D34: 296800 | E34: 312700 | F34: 328600 | G34: =D34*1.15 -> 341320 | H34: =E34*1.15 -> 359605 | I34: =F34*1.15 -> 377890 | J34: =D34*1.1 -> 326480 | K34: =E34*1.1 -> 343970 | L34: =F34*1.1 -> 361460 | M34: Tăng 10% | N34: =+J34+80000 -> 406480 | O34: =+K34+80000 -> 423970 | P34: =+L34+80000 -> 441460 | Q34: =N34+60000 -> 466480 | R34: =O34+60000 -> 483970 | S34: =P34+60000 -> 501460 | T34: =+J34*112% -> 365657.6 | U34: =+K34*112% -> 385246.4 | V34: =+L34*112% -> 404835.2 | W34: =ROUND(T34+140000,0) -> 505658 | X34: =ROUND(U34+140000,0) -> 525246 | Y34: =ROUND(V34+140000,0) -> 544835 | Z34: =W34-140000 -> 365658 | AA34: =X34-140000 -> 385246 | AB34: =Y34-140000 -> 404835 | AC34: =ROUND((Z34*35%*'[1]Giá dầu'!$E$20)+Z34,0) -> 415885 | AD34: =ROUND((AA34*35%*'[1]Giá dầu'!$E$20)+AA34,0) -> 438164 | AE34: =ROUND((AB34*35%*'[1]Giá dầu'!$E$20)+AB34,0) -> 460444 | AF34: =(AC34-Z34)/Z34 -> 0.13736059 | AG34: =AC34+140000 -> 555885 | AH34: =AD34+140000 -> 578164 | AI34: =AE34+140000 -> 600444 | AJ34: 607443 | AK34: 632484 | AL34: 657526
A35: 11 | B35: PAN HA - YUSEN | D35: 296800 | E35: 312700 | F35: 328600 | G35: =D35*1.15 -> 341320 | H35: =E35*1.15 -> 359605 | I35: =F35*1.15 -> 377890 | J35: =D35*1.1 -> 326480 | K35: =E35*1.1 -> 343970 | L35: =F35*1.1 -> 361460 | M35: Tăng 10% | N35: =+J35+80000 -> 406480 | O35: =+K35+80000 -> 423970 | P35: =+L35+80000 -> 441460 | Q35: =N35+60000 -> 466480 | R35: =O35+60000 -> 483970 | S35: =P35+60000 -> 501460 | T35: =+J35*112% -> 365657.6 | U35: =+K35*112% -> 385246.4 | V35: =+L35*112% -> 404835.2 | W35: =ROUND(T35+140000,0) -> 505658 | X35: =ROUND(U35+140000,0) -> 525246 | Y35: =ROUND(V35+140000,0) -> 544835 | Z35: =W35-140000 -> 365658 | AA35: =X35-140000 -> 385246 | AB35: =Y35-140000 -> 404835 | AC35: =ROUND((Z35*35%*'[1]Giá dầu'!$E$20)+Z35,0) -> 415885 | AD35: =ROUND((AA35*35%*'[1]Giá dầu'!$E$20)+AA35,0) -> 438164 | AE35: =ROUND((AB35*35%*'[1]Giá dầu'!$E$20)+AB35,0) -> 460444 | AF35: =(AC35-Z35)/Z35 -> 0.13736059 | AG35: =AC35+140000 -> 555885 | AH35: =AD35+140000 -> 578164 | AI35: =AE35+140000 -> 600444 | AJ35: 607443 | AK35: 632484 | AL35: 657526
A36: 12 | B36: PAN HA - VIMADECO | D36: 429300 | E36: 445200 | F36: 461100 | G36: =D36*1.15 -> 493695 | H36: =E36*1.15 -> 511980 | I36: =F36*1.15 -> 530265 | J36: =D36*1.1 -> 472230 | K36: =E36*1.1 -> 489720 | L36: =F36*1.1 -> 507210 | M36: Tăng 10% | N36: =+J36+80000 -> 552230 | O36: =+K36+80000 -> 569720 | P36: =+L36+80000 -> 587210 | Q36: =N36+60000 -> 612230 | R36: =O36+60000 -> 629720 | S36: =P36+60000 -> 647210 | T36: =+J36*112% -> 528897.6 | U36: =+K36*112% -> 548486.4 | V36: =+L36*112% -> 568075.2 | W36: =ROUND(T36+140000,0) -> 668898 | X36: =ROUND(U36+140000,0) -> 688486 | Y36: =ROUND(V36+140000,0) -> 708075 | Z36: =W36-140000 -> 528898 | AA36: =X36-140000 -> 548486 | AB36: =Y36-140000 -> 568075 | AC36: =ROUND((Z36*35%*'[1]Giá dầu'!$E$20)+Z36,0) -> 601548 | AD36: =ROUND((AA36*35%*'[1]Giá dầu'!$E$20)+AA36,0) -> 623827 | AE36: =ROUND((AB36*35%*'[1]Giá dầu'!$E$20)+AB36,0) -> 646106 | AF36: =(AC36-Z36)/Z36 -> 0.13736108 | AG36: =AC36+140000 -> 741548 | AH36: =AD36+140000 -> 763827 | AI36: =AE36+140000 -> 786106 | AJ36: 816123 | AK36: 841164 | AL36: 866206
A37: 13 | B37: PAN HA - NAM HAI ICD | D37: 270300 | E37: 286200 | F37: 302100 | G37: =D37*1.15 -> 310845 | H37: =E37*1.15 -> 329130 | I37: =F37*1.15 -> 347415 | J37: =D37*1.1 -> 297330 | K37: =E37*1.1 -> 314820 | L37: =F37*1.1 -> 332310 | M37: Tăng 10% | N37: =+J37+80000 -> 377330 | O37: =+K37+80000 -> 394820 | P37: =+L37+80000 -> 412310 | Q37: =N37+60000 -> 437330 | R37: =O37+60000 -> 454820 | S37: =P37+60000 -> 472310 | T37: =+J37*112% -> 333009.6 | U37: =+K37*112% -> 352598.4 | V37: =+L37*112% -> 372187.2 | W37: =ROUND(T37+140000,0) -> 473010 | X37: =ROUND(U37+140000,0) -> 492598 | Y37: =ROUND(V37+140000,0) -> 512187 | Z37: =W37-140000 -> 333010 | AA37: =X37-140000 -> 352598 | AB37: =Y37-140000 -> 372187 | AC37: =ROUND((Z37*35%*'[1]Giá dầu'!$E$20)+Z37,0) -> 378753 | AD37: =ROUND((AA37*35%*'[1]Giá dầu'!$E$20)+AA37,0) -> 401031 | AE37: =ROUND((AB37*35%*'[1]Giá dầu'!$E$20)+AB37,0) -> 423311 | AF37: =(AC37-Z37)/Z37 -> 0.13736224 | AG37: =AC37+140000 -> 518753 | AH37: =AD37+140000 -> 541031 | AI37: =AE37+140000 -> 563311 | AJ37: 565707 | AK37: 590748 | AL37: 615790
A38: 14 | B38: HICT - PAN HA | D38: 700000 | E38: 740000 | F38: 780000 | G38: =D38*1.15 -> 805000 | H38: =E38*1.15 -> 851000 | I38: =F38*1.15 -> 897000 | J38: =D38*1.1 -> 770000 | K38: =E38*1.1 -> 814000 | L38: =F38*1.1 -> 858000 | M38: Tăng 7% | N38: =+J38+80000 -> 850000 | O38: =+K38+80000 -> 894000 | P38: =+L38+80000 -> 938000 | Q38: =N38+60000 -> 910000 | R38: =O38+60000 -> 954000 | S38: =P38+60000 -> 998000 | T38: =+J38*112% -> 862400 | U38: =+K38*112% -> 911680 | V38: =+L38*112% -> 960960 | W38: =ROUND(T38+140000,0) -> 1002400 | X38: =ROUND(U38+140000,0) -> 1051680 | Y38: =ROUND(V38+140000,0) -> 1100960 | Z38: =W38-140000 -> 862400 | AA38: =X38-140000 -> 911680 | AB38: =Y38-140000 -> 960960 | AC38: =ROUND((Z38*35%*'[1]Giá dầu'!$E$20)+Z38,0) -> 980860 | AD38: =ROUND((AA38*35%*'[1]Giá dầu'!$E$20)+AA38,0) -> 1036909 | AE38: =ROUND((AB38*35%*'[1]Giá dầu'!$E$20)+AB38,0) -> 1092958 | AF38: =(AC38-Z38)/Z38 -> 0.13736085 | AG38: Giữ nguyên | AH38: Giữ nguyên | AI38: Giữ nguyên | AJ38: 1002400 | AK38: 1051680 | AL38: 1100960
A39: 4. VẬN CHUYỂN SHIPSIDE HÀNG NHẬP TÀU (HÀNG NỘI ĐỊA CỦA HẢI AN)
A40: STT | B40: TUYẾN VẬN CHUYỂN | D40: Mức 1 T8 - 2021 (dưới 22.000/lít) | G40: Vendor đề xuất (tối thiểu 15%) | J40: Pan đề xuất (tăng 15% tuyến chính, 10% tuyến phụ, 7% HICT) | M40: Ghi chú
D41: Vỏ | E41: Hàng 20' | F41: Hàng 40&45 | G41: Vỏ | H41: Hàng 20' | I41: Hàng 40&45 | J41: Vỏ | K41: Hàng 20' | L41: Hàng 40&45 | Q41: Vỏ | R41: Hàng 20' | S41: Hàng 40&45 | T41: Vỏ | U41: Hàng 20' | V41: Hàng 40&45 | W41: Vỏ | X41: Hàng 20' | Y41: Hàng 40&45 | Z41: Vỏ | AA41: Hàng 20' | AB41: Hàng 40&45 | AC41: Vỏ | AD41: Hàng 20' | AE41: Hàng 40&45 | AF41: Tăng | AG41: Vỏ | AH41: Hàng 20' | AI41: Hàng 40&45 | AJ41: Vỏ | AK41: Hàng 20' | AL41: Hàng 40&45
A42: 1 | B42: NAM ĐÌNH VŨ - PAN HẢI AN | D42: 196100 | E42: 190800 | F42: 212000 | G42: =D42*1.15 -> 225515 | H42: =E42*1.15 -> 219420 | I42: =F42*1.15 -> 243800 | J42: =D42*1.15 -> 225515 | K42: =E42*1.15 -> 219420 | L42: =F42*1.15 -> 243800 | M42: Tăng 15% | N42: =+J42+80000 -> 305515 | O42: =+K42+80000 -> 299420 | P42: =+L42+80000 -> 323800 | Q42: =N42+60000 -> 365515 | R42: =O42+60000 -> 359420 | S42: =P42+60000 -> 383800 | T42: =+J42*112% -> 252576.8 | U42: =+K42*112% -> 245750.4 | V42: =+L42*112% -> 273056 | W42: =ROUND(T42+140000,0) -> 392577 | X42: =ROUND(U42+140000,0) -> 385750 | Y42: =ROUND(V42+140000,0) -> 413056 | Z42: =W42-140000 -> 252577 | AA42: =X42-140000 -> 245750 | AB42: =Y42-140000 -> 273056 | AC42: =ROUND((Z42*35%*'[1]Giá dầu'!$E$20)+Z42,0) -> 287271 | AD42: =ROUND((AA42*35%*'[1]Giá dầu'!$E$20)+AA42,0) -> 279506 | AE42: =ROUND((AB42*35%*'[1]Giá dầu'!$E$20)+AB42,0) -> 310563 | AF42: =(AC42-Z42)/Z42 -> 0.13736009 | AG42: =AC42+140000 -> 427271 | AH42: =AD42+140000 -> 419506 | AI42: =AE42+140000 -> 450563 | AJ42: 462885 | AK42: 454158 | AL42: 489065
A43: 2 | B43: MIPEC - PAN HẢI AN | D43: 206700 | E43: 201400 | F43: 222600 | G43: =D43*1.15 -> 237705 | H43: =E43*1.15 -> 231610 | I43: =F43*1.15 -> 255990 | J43: =D43*1.15 -> 237705 | K43: =E43*1.15 -> 231610 | L43: =F43*1.15 -> 255990 | M43: Tăng 15% | N43: =+J43+80000 -> 317705 | O43: =+K43+80000 -> 311610 | P43: =+L43+80000 -> 335990 | Q43: =N43+60000 -> 377705 | R43: =O43+60000 -> 371610 | S43: =P43+60000 -> 395990 | T43: =+J43*112% -> 266229.6 | U43: =+K43*112% -> 259403.2 | V43: =+L43*112% -> 286708.8 | W43: =ROUND(T43+140000,0) -> 406230 | X43: =ROUND(U43+140000,0) -> 399403 | Y43: =ROUND(V43+140000,0) -> 426709 | Z43: =W43-140000 -> 266230 | AA43: =X43-140000 -> 259403 | AB43: =Y43-140000 -> 286709 | AC43: =ROUND((Z43*35%*'[1]Giá dầu'!$E$20)+Z43,0) -> 302800 | AD43: =ROUND((AA43*35%*'[1]Giá dầu'!$E$20)+AA43,0) -> 295035 | AE43: =ROUND((AB43*35%*'[1]Giá dầu'!$E$20)+AB43,0) -> 326092 | AF43: =(AC43-Z43)/Z43 -> 0.13736243 | AG43: =AC43+140000 -> 442800 | AH43: =AD43+140000 -> 435035 | AI43: =AE43+140000 -> 466092 | AJ43: 480338 | AK43: 471611 | AL43: 506518 | AN43: 471815 | AO43: 506744 | AP43: 480548
AN45: 471815
AN46: 506744
AN47: 480548

Sheet Sheet2
A1: Hàm chuyển số thành chữ | C1: ='BKTT T4.26'!K58 -> 825576728 | G1: Nhập số vào đây
B2: =C1+10^12 -> 1000825576728 | C2: 1 | D2: 2 | E2: 3 | F2: 4 | G2: 5 | H2: 6 | I2: 7 | J2: 8 | K2: 9 | L2: 10 | M2: 11 | N2: 12
A3: Tách từng vị trí | C3: =VALUE(MID(B2,C2+1,1)) -> 0 | D3: =VALUE(MID(B2,D2+1,1)) -> 0 | E3: =VALUE(MID(B2,E2+1,1)) -> 0 | F3: =VALUE(MID(B2,F2+1,1)) -> 8 | G3: =VALUE(MID(B2,G2+1,1)) -> 2 | H3: =VALUE(MID(B2,H2+1,1)) -> 5 | I3: =VALUE(MID(B2,I2+1,1)) -> 5 | J3: =VALUE(MID(B2,J2+1,1)) -> 7 | K3: =VALUE(MID(B2,K2+1,1)) -> 6 | L3: =VALUE(MID(B2,L2+1,1)) -> 7 | M3: =VALUE(MID(B2,M2+1,1)) -> 2 | N3: =VALUE(MID(B2,N2+1,1)) -> 8
A4: Chọn đơn vị | D4: linh | E4: tỷ | G4: linh | H4: triệu | J4: linh | K4: nghìn | M4: linh | N4: đồng
A5: Đọc ra chữ | C5: =IF(C3=0,"",CHOOSE(C3,"một","hai","ba","bốn","năm","sáu","bảy","tám","chín")&" trăm") | D5: =IF(SUM(C3:D3)=0,"",IF(AND(D3=0,E3=0),"",IF(AND(D3=0,E3<>0),D4,CHOOSE(D3,"mười","hai mươi","ba mươi","bốn mươi","năm mươi","sáu mươi","bảy mươi","tám mươi","chín mươi")))) | E5: =IF(SUM(C3:E3)=0,"",IF(AND(SUM(C3:D3)>0,E3=0)," "&E4,CHOOSE(E3,IF(D3>0,"một","mốt"),"hai","ba","bốn",IF(D3>0,"lăm","năm"),"sáu","bảy","tám","chín")&" "&E4)) | F5: =IF(SUM(C3:F3)=0,"",IF(SUM(F3:H3)=0,"",IF(F3=0,"không trăm",CHOOSE(F3,"một","hai","ba","bốn","năm","sáu","bảy","tám","chín")&" trăm"))) -> tám trăm | G5: =IF(SUM(C3:G3)=0,"",IF(AND(G3=0,H3=0),"",IF(AND(G3=0,H3<>0),G4,CHOOSE(G3,"mười","hai mươi","ba mươi","bốn mươi","năm mươi","sáu mươi","bảy mươi","tám mươi","chín mươi")))) -> hai mươi | H5: =IF(SUM(F3:H3)=0,"",IF(AND(SUM(C3:G3)>0,H3=0)," "&H4,CHOOSE(H3,IF(G3>0,"mốt","mốt"),"hai","ba","bốn",IF(G3>0,"lăm","năm"),"sáu","bảy","tám","chín")&" "&H4)) -> lăm triệu | I5: =IF(SUM(C3:I3)=0,"",IF(SUM(I3:K3)=0,"",IF(I3=0,"không trăm",CHOOSE(I3,"một","hai","ba","bốn","năm","sáu","bảy","tám","chín")&" trăm"))) -> năm trăm | J5: =IF(SUM(C3:J3)=0,"",IF(AND(J3=0,K3=0),"",IF(AND(J3=0,K3<>0),J4,CHOOSE(J3,"mười","hai mươi","ba mươi","bốn mươi","năm mươi","sáu mươi","bảy mươi","tám mươi","chín mươi")))) -> bảy mươi | K5: =IF(SUM(I3:K3)=0,"",IF(AND(SUM(C3:J3)>0,K3=0)," "&K4,CHOOSE(K3,IF(J3>0,"một","mốt"),"hai","ba","bốn",IF(J3>0,"lăm","năm"),"sáu","bảy","tám","chín")&" "&K4)) -> sáu nghìn | L5: =IF(SUM(C3:L3)=0,"",IF(SUM(L3:N3)=0,"",IF(L3=0,"không trăm",CHOOSE(L3,"một","hai","ba","bốn","năm","sáu","bảy","tám","chín")&" trăm"))) -> bảy trăm | M5: =IF(SUM(C3:M3)=0,"",IF(AND(M3=0,N3=0),"",IF(AND(M3=0,N3<>0),M4,CHOOSE(M3,"mười","hai mươi","ba mươi","bốn mươi","năm mươi","sáu mươi","bảy mươi","tám mươi","chín mươi")))) -> hai mươi | N5: =IF(SUM(C3:N3)=0,"Không "&N4,IF(AND(SUM(C3:K3)>0,SUM(L3:N3)=0)," "&N4&" chẵn",IF(N3=0," "&N4,CHOOSE(N3,IF(M3>0,"một","mốt"),"hai","ba","bốn",IF(M3>0,"lăm","năm"),"sáu","bảy","tám","chín")&" "&N4)))&"./." -> tám đồng./.
A6: Viết hoa chữ cái đầu trong chuỗi | C6: =IF(C5="","",IF(COUNTIF(B5,"")=C2,UPPER(LEFT(C5,1))&RIGHT(C5,LEN(C5)-1),C5)) | D6: =IF(D5="","",IF(COUNTIF(B5:C5,"")=D2,UPPER(LEFT(D5,1))&RIGHT(D5,LEN(D5)-1),D5)) | E6: =IF(E5="","",IF(COUNTIF(B5:D5,"")=E2,UPPER(LEFT(E5,1))&RIGHT(E5,LEN(E5)-1),E5)) | F6: =IF(F5="","",IF(COUNTIF(B5:E5,"")=F2,UPPER(LEFT(F5,1))&RIGHT(F5,LEN(F5)-1),F5)) -> Tám trăm | G6: =IF(G5="","",IF(COUNTIF(B5:F5,"")=G2,UPPER(LEFT(G5,1))&RIGHT(G5,LEN(G5)-1),G5)) -> hai mươi | H6: =IF(H5="","",IF(COUNTIF(B5:G5,"")=H2,UPPER(LEFT(H5,1))&RIGHT(H5,LEN(H5)-1),H5)) -> lăm triệu | I6: =IF(I5="","",IF(COUNTIF(B5:H5,"")=I2,UPPER(LEFT(I5,1))&RIGHT(I5,LEN(I5)-1),I5)) -> năm trăm | J6: =IF(J5="","",IF(COUNTIF(B5:I5,"")=J2,UPPER(LEFT(J5,1))&RIGHT(J5,LEN(J5)-1),J5)) -> bảy mươi | K6: =IF(K5="","",IF(COUNTIF(B5:J5,"")=K2,UPPER(LEFT(K5,1))&RIGHT(K5,LEN(K5)-1),K5)) -> sáu nghìn | L6: =IF(L5="","",IF(COUNTIF(B5:K5,"")=L2,UPPER(LEFT(L5,1))&RIGHT(L5,LEN(L5)-1),L5)) -> bảy trăm | M6: =IF(M5="","",IF(COUNTIF(B5:L5,"")=M2,UPPER(LEFT(M5,1))&RIGHT(M5,LEN(M5)-1),M5)) -> hai mươi | N6: =IF(N5="","",IF(COUNTIF(B5:M5,"")=N2,UPPER(LEFT(N5,1))&RIGHT(N5,LEN(N5)-1),N5)) -> tám đồng./.
A7: Kết quả: | B7: =TRIM(C6&" "&D6&" "&E6&" "&F6&" "&G6&" "&H6&" "&I6&" "&J6&" "&K6&" "&L6&" "&M6&" "&N6) -> Tám trăm hai mươi lăm triệu năm trăm bảy mươi sáu nghìn bảy trăm hai mươi tám đồng./.
